machine_id,feeder_id,anomaly_type,severity,first_detected,last_detected,duration_hours,occurrences,metric_name,mean_observed_value,threshold_value,root_cause_diagnosis,recommended_action,estimated_loss_inr
COMP_01,FDR_04,MACHINE_EFFICIENCY_DEGRADATION,WARNING,2026-03-30 23:20,2026-03-30 23:20,0.1,1,Power Deviation vs Baseline (%),13.3,12.0,"Elevated electrical input without production gain, coupled with high vibration/temperature.","Inspect motor mechanical condition, shaft alignment, and bearing lubrication.",3.52
AUX_01,FDR_07,LOW_POWER_FACTOR,CRITICAL,2026-03-30 21:45,2026-03-30 23:55,2.2,27,Power Factor (cos phi),0.78,0.85,Inductive motor idling or degraded APFC capacitor bank stage.,Inspect local capacitor switching contactors and inspect APFC auto-controller.,2.3
FURNACE_01,FDR_05,EXCESSIVE_IDLE_CONSUMPTION,WARNING,2026-03-30 21:45,2026-03-30 21:55,0.2,3,Idle Power (kW),35.48,5.0,Machine or compressor spinning unloaded during non-productive intervals or pneumatic leaks.,Enable automatic standby interlock or perform ultrasonic pneumatic leak audit.,75.3
FURNACE_01,FDR_05,LOW_POWER_FACTOR,WARNING,2026-03-30 21:45,2026-03-30 21:55,0.2,3,Power Factor (cos phi),0.79,0.85,Inductive motor idling or degraded APFC capacitor bank stage.,Inspect local capacitor switching contactors and inspect APFC auto-controller.,1.13
MOTOR_01,FDR_01,EXCESSIVE_IDLE_CONSUMPTION,WARNING,2026-03-30 21:45,2026-03-30 23:55,2.2,15,Idle Power (kW),18.09,5.0,Machine or compressor spinning unloaded during non-productive intervals or pneumatic leaks.,Enable automatic standby interlock or perform ultrasonic pneumatic leak audit.,345.86
MOTOR_01,FDR_01,LOW_POWER_FACTOR,CRITICAL,2026-03-30 21:45,2026-03-30 23:55,2.2,15,Power Factor (cos phi),0.76,0.85,Inductive motor idling or degraded APFC capacitor bank stage.,Inspect local capacitor switching contactors and inspect APFC auto-controller.,5.19
MOTOR_02,FDR_02,EXCESSIVE_IDLE_CONSUMPTION,WARNING,2026-03-30 21:45,2026-03-30 23:55,2.2,27,Idle Power (kW),13.98,5.0,Machine or compressor spinning unloaded during non-productive intervals or pneumatic leaks.,Enable automatic standby interlock or perform ultrasonic pneumatic leak audit.,267.41
COMP_01,FDR_04,MACHINE_EFFICIENCY_DEGRADATION,WARNING,2026-03-30 16:05,2026-03-30 16:05,0.1,1,Power Deviation vs Baseline (%),12.0,12.0,"Elevated electrical input without production gain, coupled with high vibration/temperature.","Inspect motor mechanical condition, shaft alignment, and bearing lubrication.",3.18
AUX_01,FDR_07,LOW_POWER_FACTOR,CRITICAL,2026-03-30 10:15,2026-03-30 13:55,3.7,12,Power Factor (cos phi),0.78,0.85,Inductive motor idling or degraded APFC capacitor bank stage.,Inspect local capacitor switching contactors and inspect APFC auto-controller.,3.84
COMP_01,FDR_04,LOW_POWER_FACTOR,CRITICAL,2026-03-30 10:15,2026-03-30 23:00,12.8,21,Power Factor (cos phi),0.78,0.85,Inductive motor idling or degraded APFC capacitor bank stage.,Inspect local capacitor switching contactors and inspect APFC auto-controller.,37.36
FURNACE_01,FDR_05,EXCESSIVE_IDLE_CONSUMPTION,WARNING,2026-03-30 10:15,2026-03-30 13:55,3.7,12,Idle Power (kW),34.61,5.0,Machine or compressor spinning unloaded during non-productive intervals or pneumatic leaks.,Enable automatic standby interlock or perform ultrasonic pneumatic leak audit.,1102.99
FURNACE_01,FDR_05,LOW_POWER_FACTOR,WARNING,2026-03-30 10:15,2026-03-30 13:55,3.7,12,Power Factor (cos phi),0.8,0.85,Inductive motor idling or degraded APFC capacitor bank stage.,Inspect local capacitor switching contactors and inspect APFC auto-controller.,16.55
MOTOR_01,FDR_01,EXCESSIVE_IDLE_CONSUMPTION,WARNING,2026-03-30 10:15,2026-03-30 13:55,3.7,12,Idle Power (kW),18.01,5.0,Machine or compressor spinning unloaded during non-productive intervals or pneumatic leaks.,Enable automatic standby interlock or perform ultrasonic pneumatic leak audit.,574.07
MOTOR_01,FDR_01,LOW_POWER_FACTOR,CRITICAL,2026-03-30 10:15,2026-03-30 13:55,3.7,12,Power Factor (cos phi),0.76,0.85,Inductive motor idling or degraded APFC capacitor bank stage.,Inspect local capacitor switching contactors and inspect APFC auto-controller.,8.61
MOTOR_02,FDR_02,EXCESSIVE_IDLE_CONSUMPTION,WARNING,2026-03-30 10:15,2026-03-30 13:55,3.7,12,Idle Power (kW),14.3,5.0,Machine or compressor spinning unloaded during non-productive intervals or pneumatic leaks.,Enable automatic standby interlock or perform ultrasonic pneumatic leak audit.,455.74
COMP_01,FDR_04,MACHINE_EFFICIENCY_DEGRADATION,WARNING,2026-03-30 04:50,2026-03-30 08:50,4.1,2,Power Deviation vs Baseline (%),13.4,12.0,"Elevated electrical input without production gain, coupled with high vibration/temperature.","Inspect motor mechanical condition, shaft alignment, and bearing lubrication.",174.73
COMP_01,FDR_04,LOW_POWER_FACTOR,WARNING,2026-03-30 01:10,2026-03-30 03:30,2.4,3,Power Factor (cos phi),0.84,0.85,Inductive motor idling or degraded APFC capacitor bank stage.,Inspect local capacitor switching contactors and inspect APFC auto-controller.,11.98
MOTOR_01,FDR_01,EXCESSIVE_IDLE_CONSUMPTION,WARNING,2026-03-30 00:05,2026-03-30 05:55,5.9,36,Idle Power (kW),17.93,5.0,Machine or compressor spinning unloaded during non-productive intervals or pneumatic leaks.,Enable automatic standby interlock or perform ultrasonic pneumatic leak audit.,901.62
MOTOR_01,FDR_01,LOW_POWER_FACTOR,CRITICAL,2026-03-30 00:05,2026-03-30 05:55,5.9,36,Power Factor (cos phi),0.76,0.85,Inductive motor idling or degraded APFC capacitor bank stage.,Inspect local capacitor switching contactors and inspect APFC auto-controller.,13.53
COMP_01,FDR_04,EXCESSIVE_IDLE_CONSUMPTION,WARNING,2026-03-30 00:00,2026-03-30 23:45,23.8,149,Idle Power (kW),35.26,5.0,Machine or compressor spinning unloaded during non-productive intervals or pneumatic leaks.,Enable automatic standby interlock or perform ultrasonic pneumatic leak audit.,7143.98
LINE_01,FDR_06,LOW_POWER_FACTOR,CRITICAL,2026-03-30 00:00,2026-03-30 23:55,24.0,252,Power Factor (cos phi),0.79,0.85,Inductive motor idling or degraded APFC capacitor bank stage.,Inspect local capacitor switching contactors and inspect APFC auto-controller.,39.43
MOTOR_02,FDR_02,EXCESSIVE_IDLE_CONSUMPTION,WARNING,2026-03-30 00:00,2026-03-30 05:55,6.0,72,Idle Power (kW),14.0,5.0,Machine or compressor spinning unloaded during non-productive intervals or pneumatic leaks.,Enable automatic standby interlock or perform ultrasonic pneumatic leak audit.,713.76
MOTOR_02,FDR_02,LOW_POWER_FACTOR,CRITICAL,2026-03-30 00:00,2026-03-30 23:55,24.0,199,Power Factor (cos phi),0.78,0.85,Inductive motor idling or degraded APFC capacitor bank stage.,Inspect local capacitor switching contactors and inspect APFC auto-controller.,85.25
COMP_01,FDR_04,MACHINE_EFFICIENCY_DEGRADATION,WARNING,2026-03-28 23:50,2026-03-28 23:50,0.1,1,Power Deviation vs Baseline (%),13.5,12.0,"Elevated electrical input without production gain, coupled with high vibration/temperature.","Inspect motor mechanical condition, shaft alignment, and bearing lubrication.",3.56
AUX_01,FDR_07,LOW_POWER_FACTOR,CRITICAL,2026-03-28 21:45,2026-03-30 05:55,32.2,387,Power Factor (cos phi),0.78,0.85,Inductive motor idling or degraded APFC capacitor bank stage.,Inspect local capacitor switching contactors and inspect APFC auto-controller.,32.82
FURNACE_01,FDR_05,EXCESSIVE_IDLE_CONSUMPTION,WARNING,2026-03-28 21:45,2026-03-28 21:55,0.2,3,Idle Power (kW),35.23,5.0,Machine or compressor spinning unloaded during non-productive intervals or pneumatic leaks.,Enable automatic standby interlock or perform ultrasonic pneumatic leak audit.,74.77
FURNACE_01,FDR_05,LOW_POWER_FACTOR,WARNING,2026-03-28 21:45,2026-03-28 21:55,0.2,3,Power Factor (cos phi),0.81,0.85,Inductive motor idling or degraded APFC capacitor bank stage.,Inspect local capacitor switching contactors and inspect APFC auto-controller.,1.12
MOTOR_01,FDR_01,EXCESSIVE_IDLE_CONSUMPTION,WARNING,2026-03-28 21:45,2026-03-28 23:55,2.2,15,Idle Power (kW),17.98,5.0,Machine or compressor spinning unloaded during non-productive intervals or pneumatic leaks.,Enable automatic standby interlock or perform ultrasonic pneumatic leak audit.,343.77
MOTOR_01,FDR_01,LOW_POWER_FACTOR,CRITICAL,2026-03-28 21:45,2026-03-28 23:55,2.2,15,Power Factor (cos phi),0.76,0.85,Inductive motor idling or degraded APFC capacitor bank stage.,Inspect local capacitor switching contactors and inspect APFC auto-controller.,5.15
MOTOR_02,FDR_02,EXCESSIVE_IDLE_CONSUMPTION,WARNING,2026-03-28 21:45,2026-03-28 23:55,2.2,27,Idle Power (kW),14.1,5.0,Machine or compressor spinning unloaded during non-productive intervals or pneumatic leaks.,Enable automatic standby interlock or perform ultrasonic pneumatic leak audit.,269.72
COMP_01,FDR_04,MACHINE_EFFICIENCY_DEGRADATION,WARNING,2026-03-28 16:40,2026-03-28 16:40,0.1,1,Power Deviation vs Baseline (%),13.3,12.0,"Elevated electrical input without production gain, coupled with high vibration/temperature.","Inspect motor mechanical condition, shaft alignment, and bearing lubrication.",3.51
COMP_01,FDR_04,MACHINE_EFFICIENCY_DEGRADATION,WARNING,2026-03-28 12:25,2026-03-28 12:25,0.1,1,Power Deviation vs Baseline (%),13.4,12.0,"Elevated electrical input without production gain, coupled with high vibration/temperature.","Inspect motor mechanical condition, shaft alignment, and bearing lubrication.",3.56
AUX_01,FDR_07,LOW_POWER_FACTOR,CRITICAL,2026-03-28 10:15,2026-03-28 13:55,3.7,12,Power Factor (cos phi),0.78,0.85,Inductive motor idling or degraded APFC capacitor bank stage.,Inspect local capacitor switching contactors and inspect APFC auto-controller.,3.81
COMP_01,FDR_04,LOW_POWER_FACTOR,CRITICAL,2026-03-28 10:15,2026-03-28 21:55,11.7,20,Power Factor (cos phi),0.78,0.85,Inductive motor idling or degraded APFC capacitor bank stage.,Inspect local capacitor switching contactors and inspect APFC auto-controller.,32.56
FURNACE_01,FDR_05,EXCESSIVE_IDLE_CONSUMPTION,WARNING,2026-03-28 10:15,2026-03-28 13:55,3.7,12,Idle Power (kW),34.72,5.0,Machine or compressor spinning unloaded during non-productive intervals or pneumatic leaks.,Enable automatic standby interlock or perform ultrasonic pneumatic leak audit.,1106.57
FURNACE_01,FDR_05,LOW_POWER_FACTOR,CRITICAL,2026-03-28 10:15,2026-03-28 13:55,3.7,12,Power Factor (cos phi),0.8,0.85,Inductive motor idling or degraded APFC capacitor bank stage.,Inspect local capacitor switching contactors and inspect APFC auto-controller.,16.6
MOTOR_01,FDR_01,EXCESSIVE_IDLE_CONSUMPTION,WARNING,2026-03-28 10:15,2026-03-28 13:55,3.7,12,Idle Power (kW),18.0,5.0,Machine or compressor spinning unloaded during non-productive intervals or pneumatic leaks.,Enable automatic standby interlock or perform ultrasonic pneumatic leak audit.,573.7
MOTOR_01,FDR_01,LOW_POWER_FACTOR,CRITICAL,2026-03-28 10:15,2026-03-28 13:55,3.7,12,Power Factor (cos phi),0.76,0.85,Inductive motor idling or degraded APFC capacitor bank stage.,Inspect local capacitor switching contactors and inspect APFC auto-controller.,8.61
MOTOR_02,FDR_02,EXCESSIVE_IDLE_CONSUMPTION,WARNING,2026-03-28 10:15,2026-03-28 13:55,3.7,12,Idle Power (kW),13.74,5.0,Machine or compressor spinning unloaded during non-productive intervals or pneumatic leaks.,Enable automatic standby interlock or perform ultrasonic pneumatic leak audit.,438.0
MOTOR_02,FDR_02,HIGH_VIBRATION,CRITICAL,2026-03-28 06:00,2026-03-28 21:40,15.7,177,Vibration Velocity RMS (mm/s),5.59,2.8,"Possible mechanical unbalance, loose foundation, or bearing race defect (ISO 10816-3).",Conduct vibration spectrum analysis and inspect base mounting fasteners.,393.74
MOTOR_02,FDR_02,MACHINE_EFFICIENCY_DEGRADATION,CRITICAL,2026-03-28 06:00,2026-03-28 21:40,15.7,143,Power Deviation vs Baseline (%),16.06,12.0,"Elevated electrical input without production gain, coupled with high vibration/temperature.","Inspect motor mechanical condition, shaft alignment, and bearing lubrication.",982.8
COMP_01,FDR_04,MACHINE_EFFICIENCY_DEGRADATION,WARNING,2026-03-27 22:10,2026-03-27 22:10,0.1,1,Power Deviation vs Baseline (%),15.6,12.0,"Elevated electrical input without production gain, coupled with high vibration/temperature.","Inspect motor mechanical condition, shaft alignment, and bearing lubrication.",4.13
AUX_01,FDR_07,LOW_POWER_FACTOR,CRITICAL,2026-03-27 21:45,2026-03-28 05:55,8.2,99,Power Factor (cos phi),0.78,0.85,Inductive motor idling or degraded APFC capacitor bank stage.,Inspect local capacitor switching contactors and inspect APFC auto-controller.,8.4
COMP_01,FDR_04,LOW_POWER_FACTOR,CRITICAL,2026-03-27 21:45,2026-03-27 23:50,2.2,5,Power Factor (cos phi),0.79,0.85,Inductive motor idling or degraded APFC capacitor bank stage.,Inspect local capacitor switching contactors and inspect APFC auto-controller.,6.98
FURNACE_01,FDR_05,EXCESSIVE_IDLE_CONSUMPTION,WARNING,2026-03-27 21:45,2026-03-27 21:55,0.2,3,Idle Power (kW),35.35,5.0,Machine or compressor spinning unloaded during non-productive intervals or pneumatic leaks.,Enable automatic standby interlock or perform ultrasonic pneumatic leak audit.,75.02
FURNACE_01,FDR_05,LOW_POWER_FACTOR,CRITICAL,2026-03-27 21:45,2026-03-27 21:55,0.2,3,Power Factor (cos phi),0.79,0.85,Inductive motor idling or degraded APFC capacitor bank stage.,Inspect local capacitor switching contactors and inspect APFC auto-controller.,1.13
MOTOR_01,FDR_01,EXCESSIVE_IDLE_CONSUMPTION,WARNING,2026-03-27 21:45,2026-03-28 05:55,8.2,51,Idle Power (kW),18.04,5.0,Machine or compressor spinning unloaded during non-productive intervals or pneumatic leaks.,Enable automatic standby interlock or perform ultrasonic pneumatic leak audit.,1264.94
MOTOR_02,FDR_02,EXCESSIVE_IDLE_CONSUMPTION,WARNING,2026-03-27 21:45,2026-03-28 05:55,8.2,99,Idle Power (kW),13.95,5.0,Machine or compressor spinning unloaded during non-productive intervals or pneumatic leaks.,Enable automatic standby interlock or perform ultrasonic pneumatic leak audit.,978.29
MOTOR_01,FDR_01,LOW_POWER_FACTOR,CRITICAL,2026-03-27 21:30,2026-03-28 05:55,8.5,52,Power Factor (cos phi),0.76,0.85,Inductive motor idling or degraded APFC capacitor bank stage.,Inspect local capacitor switching contactors and inspect APFC auto-controller.,20.51
AUX_01,FDR_07,LOW_POWER_FACTOR,CRITICAL,2026-03-27 10:15,2026-03-27 13:55,3.7,12,Power Factor (cos phi),0.78,0.85,Inductive motor idling or degraded APFC capacitor bank stage.,Inspect local capacitor switching contactors and inspect APFC auto-controller.,3.86
COMP_01,FDR_04,LOW_POWER_FACTOR,CRITICAL,2026-03-27 10:15,2026-03-27 14:25,4.2,14,Power Factor (cos phi),0.77,0.85,Inductive motor idling or degraded APFC capacitor bank stage.,Inspect local capacitor switching contactors and inspect APFC auto-controller.,10.62
FURNACE_01,FDR_05,EXCESSIVE_IDLE_CONSUMPTION,WARNING,2026-03-27 10:15,2026-03-27 13:55,3.7,12,Idle Power (kW),34.45,5.0,Machine or compressor spinning unloaded during non-productive intervals or pneumatic leaks.,Enable automatic standby interlock or perform ultrasonic pneumatic leak audit.,1097.94
FURNACE_01,FDR_05,LOW_POWER_FACTOR,CRITICAL,2026-03-27 10:15,2026-03-27 13:55,3.7,12,Power Factor (cos phi),0.8,0.85,Inductive motor idling or degraded APFC capacitor bank stage.,Inspect local capacitor switching contactors and inspect APFC auto-controller.,16.47
MOTOR_01,FDR_01,EXCESSIVE_IDLE_CONSUMPTION,WARNING,2026-03-27 10:15,2026-03-27 13:55,3.7,12,Idle Power (kW),17.9,5.0,Machine or compressor spinning unloaded during non-productive intervals or pneumatic leaks.,Enable automatic standby interlock or perform ultrasonic pneumatic leak audit.,570.54
MOTOR_01,FDR_01,LOW_POWER_FACTOR,CRITICAL,2026-03-27 10:15,2026-03-27 13:55,3.7,12,Power Factor (cos phi),0.76,0.85,Inductive motor idling or degraded APFC capacitor bank stage.,Inspect local capacitor switching contactors and inspect APFC auto-controller.,8.56
MOTOR_02,FDR_02,EXCESSIVE_IDLE_CONSUMPTION,WARNING,2026-03-27 10:15,2026-03-27 13:55,3.7,12,Idle Power (kW),14.13,5.0,Machine or compressor spinning unloaded during non-productive intervals or pneumatic leaks.,Enable automatic standby interlock or perform ultrasonic pneumatic leak audit.,450.43
MOTOR_02,FDR_02,HIGH_VIBRATION,CRITICAL,2026-03-27 06:00,2026-03-27 21:40,15.7,177,Vibration Velocity RMS (mm/s),5.59,2.8,"Possible mechanical unbalance, loose foundation, or bearing race defect (ISO 10816-3).",Conduct vibration spectrum analysis and inspect base mounting fasteners.,393.74
MOTOR_02,FDR_02,MACHINE_EFFICIENCY_DEGRADATION,CRITICAL,2026-03-27 06:00,2026-03-27 21:40,15.7,145,Power Deviation vs Baseline (%),15.77,12.0,"Elevated electrical input without production gain, coupled with high vibration/temperature.","Inspect motor mechanical condition, shaft alignment, and bearing lubrication.",960.97
COMP_01,FDR_04,LOW_POWER_FACTOR,WARNING,2026-03-27 02:45,2026-03-27 02:45,0.1,1,Power Factor (cos phi),0.85,0.85,Inductive motor idling or degraded APFC capacitor bank stage.,Inspect local capacitor switching contactors and inspect APFC auto-controller.,0.39
AUX_01,FDR_07,LOW_POWER_FACTOR,CRITICAL,2026-03-26 21:45,2026-03-27 05:55,8.2,99,Power Factor (cos phi),0.78,0.85,Inductive motor idling or degraded APFC capacitor bank stage.,Inspect local capacitor switching contactors and inspect APFC auto-controller.,8.47
FURNACE_01,FDR_05,EXCESSIVE_IDLE_CONSUMPTION,WARNING,2026-03-26 21:45,2026-03-26 21:55,0.2,3,Idle Power (kW),35.72,5.0,Machine or compressor spinning unloaded during non-productive intervals or pneumatic leaks.,Enable automatic standby interlock or perform ultrasonic pneumatic leak audit.,75.8
FURNACE_01,FDR_05,LOW_POWER_FACTOR,WARNING,2026-03-26 21:45,2026-03-26 21:55,0.2,3,Power Factor (cos phi),0.79,0.85,Inductive motor idling or degraded APFC capacitor bank stage.,Inspect local capacitor switching contactors and inspect APFC auto-controller.,1.14
MOTOR_01,FDR_01,EXCESSIVE_IDLE_CONSUMPTION,WARNING,2026-03-26 21:45,2026-03-27 05:55,8.2,51,Idle Power (kW),17.99,5.0,Machine or compressor spinning unloaded during non-productive intervals or pneumatic leaks.,Enable automatic standby interlock or perform ultrasonic pneumatic leak audit.,1261.39
MOTOR_01,FDR_01,LOW_POWER_FACTOR,CRITICAL,2026-03-26 21:45,2026-03-27 05:55,8.2,51,Power Factor (cos phi),0.76,0.85,Inductive motor idling or degraded APFC capacitor bank stage.,Inspect local capacitor switching contactors and inspect APFC auto-controller.,18.92
MOTOR_02,FDR_02,EXCESSIVE_IDLE_CONSUMPTION,WARNING,2026-03-26 21:45,2026-03-27 05:55,8.2,99,Idle Power (kW),14.02,5.0,Machine or compressor spinning unloaded during non-productive intervals or pneumatic leaks.,Enable automatic standby interlock or perform ultrasonic pneumatic leak audit.,983.01
COMP_01,FDR_04,MACHINE_EFFICIENCY_DEGRADATION,WARNING,2026-03-26 21:40,2026-03-27 01:55,4.3,3,Power Deviation vs Baseline (%),13.43,12.0,"Elevated electrical input without production gain, coupled with high vibration/temperature.","Inspect motor mechanical condition, shaft alignment, and bearing lubrication.",185.51
COMP_01,FDR_04,MACHINE_EFFICIENCY_DEGRADATION,WARNING,2026-03-26 17:30,2026-03-26 17:30,0.1,1,Power Deviation vs Baseline (%),13.4,12.0,"Elevated electrical input without production gain, coupled with high vibration/temperature.","Inspect motor mechanical condition, shaft alignment, and bearing lubrication.",3.56
AUX_01,FDR_07,LOW_POWER_FACTOR,CRITICAL,2026-03-26 10:15,2026-03-26 13:55,3.7,12,Power Factor (cos phi),0.78,0.85,Inductive motor idling or degraded APFC capacitor bank stage.,Inspect local capacitor switching contactors and inspect APFC auto-controller.,3.86
FURNACE_01,FDR_05,EXCESSIVE_IDLE_CONSUMPTION,WARNING,2026-03-26 10:15,2026-03-26 13:55,3.7,12,Idle Power (kW),34.68,5.0,Machine or compressor spinning unloaded during non-productive intervals or pneumatic leaks.,Enable automatic standby interlock or perform ultrasonic pneumatic leak audit.,1105.44
FURNACE_01,FDR_05,LOW_POWER_FACTOR,CRITICAL,2026-03-26 10:15,2026-03-26 13:55,3.7,12,Power Factor (cos phi),0.79,0.85,Inductive motor idling or degraded APFC capacitor bank stage.,Inspect local capacitor switching contactors and inspect APFC auto-controller.,16.58
MOTOR_01,FDR_01,EXCESSIVE_IDLE_CONSUMPTION,WARNING,2026-03-26 10:15,2026-03-26 13:55,3.7,12,Idle Power (kW),18.32,5.0,Machine or compressor spinning unloaded during non-productive intervals or pneumatic leaks.,Enable automatic standby interlock or perform ultrasonic pneumatic leak audit.,584.0
MOTOR_01,FDR_01,LOW_POWER_FACTOR,CRITICAL,2026-03-26 10:15,2026-03-26 13:55,3.7,12,Power Factor (cos phi),0.75,0.85,Inductive motor idling or degraded APFC capacitor bank stage.,Inspect local capacitor switching contactors and inspect APFC auto-controller.,8.76
MOTOR_02,FDR_02,EXCESSIVE_IDLE_CONSUMPTION,WARNING,2026-03-26 10:15,2026-03-26 13:55,3.7,12,Idle Power (kW),13.93,5.0,Machine or compressor spinning unloaded during non-productive intervals or pneumatic leaks.,Enable automatic standby interlock or perform ultrasonic pneumatic leak audit.,443.95
COMP_01,FDR_04,MACHINE_EFFICIENCY_DEGRADATION,WARNING,2026-03-26 00:45,2026-03-26 03:10,2.5,2,Power Deviation vs Baseline (%),12.8,12.0,"Elevated electrical input without production gain, coupled with high vibration/temperature.","Inspect motor mechanical condition, shaft alignment, and bearing lubrication.",102.09
AUX_01,FDR_07,LOW_POWER_FACTOR,CRITICAL,2026-03-25 21:45,2026-03-26 05:55,8.2,99,Power Factor (cos phi),0.78,0.85,Inductive motor idling or degraded APFC capacitor bank stage.,Inspect local capacitor switching contactors and inspect APFC auto-controller.,8.44
COMP_01,FDR_04,LOW_POWER_FACTOR,CRITICAL,2026-03-25 21:45,2026-03-26 21:55,24.2,28,Power Factor (cos phi),0.79,0.85,Inductive motor idling or degraded APFC capacitor bank stage.,Inspect local capacitor switching contactors and inspect APFC auto-controller.,74.33
FURNACE_01,FDR_05,EXCESSIVE_IDLE_CONSUMPTION,WARNING,2026-03-25 21:45,2026-03-25 21:55,0.2,3,Idle Power (kW),36.36,5.0,Machine or compressor spinning unloaded during non-productive intervals or pneumatic leaks.,Enable automatic standby interlock or perform ultrasonic pneumatic leak audit.,77.16
FURNACE_01,FDR_05,LOW_POWER_FACTOR,WARNING,2026-03-25 21:45,2026-03-25 21:55,0.2,3,Power Factor (cos phi),0.8,0.85,Inductive motor idling or degraded APFC capacitor bank stage.,Inspect local capacitor switching contactors and inspect APFC auto-controller.,1.16
MOTOR_01,FDR_01,EXCESSIVE_IDLE_CONSUMPTION,WARNING,2026-03-25 21:45,2026-03-26 05:55,8.2,51,Idle Power (kW),17.95,5.0,Machine or compressor spinning unloaded during non-productive intervals or pneumatic leaks.,Enable automatic standby interlock or perform ultrasonic pneumatic leak audit.,1258.68
MOTOR_01,FDR_01,LOW_POWER_FACTOR,CRITICAL,2026-03-25 21:45,2026-03-26 05:55,8.2,51,Power Factor (cos phi),0.76,0.85,Inductive motor idling or degraded APFC capacitor bank stage.,Inspect local capacitor switching contactors and inspect APFC auto-controller.,18.88
MOTOR_02,FDR_02,EXCESSIVE_IDLE_CONSUMPTION,WARNING,2026-03-25 21:45,2026-03-26 05:55,8.2,99,Idle Power (kW),14.04,5.0,Machine or compressor spinning unloaded during non-productive intervals or pneumatic leaks.,Enable automatic standby interlock or perform ultrasonic pneumatic leak audit.,984.24
COMP_01,FDR_04,MACHINE_EFFICIENCY_DEGRADATION,WARNING,2026-03-25 14:50,2026-03-25 18:55,4.2,3,Power Deviation vs Baseline (%),14.03,12.0,"Elevated electrical input without production gain, coupled with high vibration/temperature.","Inspect motor mechanical condition, shaft alignment, and bearing lubrication.",186.05
AUX_01,FDR_07,LOW_POWER_FACTOR,CRITICAL,2026-03-25 10:15,2026-03-25 13:55,3.7,12,Power Factor (cos phi),0.78,0.85,Inductive motor idling or degraded APFC capacitor bank stage.,Inspect local capacitor switching contactors and inspect APFC auto-controller.,3.81
FURNACE_01,FDR_05,EXCESSIVE_IDLE_CONSUMPTION,WARNING,2026-03-25 10:15,2026-03-25 13:55,3.7,12,Idle Power (kW),35.59,5.0,Machine or compressor spinning unloaded during non-productive intervals or pneumatic leaks.,Enable automatic standby interlock or perform ultrasonic pneumatic leak audit.,1134.19
FURNACE_01,FDR_05,LOW_POWER_FACTOR,CRITICAL,2026-03-25 10:15,2026-03-25 13:55,3.7,12,Power Factor (cos phi),0.8,0.85,Inductive motor idling or degraded APFC capacitor bank stage.,Inspect local capacitor switching contactors and inspect APFC auto-controller.,17.01
MOTOR_01,FDR_01,EXCESSIVE_IDLE_CONSUMPTION,WARNING,2026-03-25 10:15,2026-03-25 13:55,3.7,12,Idle Power (kW),17.88,5.0,Machine or compressor spinning unloaded during non-productive intervals or pneumatic leaks.,Enable automatic standby interlock or perform ultrasonic pneumatic leak audit.,569.87
MOTOR_01,FDR_01,LOW_POWER_FACTOR,CRITICAL,2026-03-25 10:15,2026-03-25 13:55,3.7,12,Power Factor (cos phi),0.76,0.85,Inductive motor idling or degraded APFC capacitor bank stage.,Inspect local capacitor switching contactors and inspect APFC auto-controller.,8.55
MOTOR_02,FDR_02,EXCESSIVE_IDLE_CONSUMPTION,WARNING,2026-03-25 10:15,2026-03-25 13:55,3.7,12,Idle Power (kW),13.96,5.0,Machine or compressor spinning unloaded during non-productive intervals or pneumatic leaks.,Enable automatic standby interlock or perform ultrasonic pneumatic leak audit.,444.89
COMP_01,FDR_04,LOW_POWER_FACTOR,CRITICAL,2026-03-25 09:40,2026-03-25 17:10,7.6,14,Power Factor (cos phi),0.77,0.85,Inductive motor idling or degraded APFC capacitor bank stage.,Inspect local capacitor switching contactors and inspect APFC auto-controller.,19.28
COMP_01,FDR_04,MACHINE_EFFICIENCY_DEGRADATION,WARNING,2026-03-25 06:15,2026-03-25 06:15,0.1,1,Power Deviation vs Baseline (%),14.7,12.0,"Elevated electrical input without production gain, coupled with high vibration/temperature.","Inspect motor mechanical condition, shaft alignment, and bearing lubrication.",3.89
COMP_01,FDR_04,MACHINE_EFFICIENCY_DEGRADATION,WARNING,2026-03-24 23:05,2026-03-24 23:05,0.1,1,Power Deviation vs Baseline (%),12.6,12.0,"Elevated electrical input without production gain, coupled with high vibration/temperature.","Inspect motor mechanical condition, shaft alignment, and bearing lubrication.",3.34
AUX_01,FDR_07,LOW_POWER_FACTOR,CRITICAL,2026-03-24 21:45,2026-03-25 05:55,8.2,99,Power Factor (cos phi),0.78,0.85,Inductive motor idling or degraded APFC capacitor bank stage.,Inspect local capacitor switching contactors and inspect APFC auto-controller.,8.34
FURNACE_01,FDR_05,EXCESSIVE_IDLE_CONSUMPTION,WARNING,2026-03-24 21:45,2026-03-24 21:55,0.2,3,Idle Power (kW),34.83,5.0,Machine or compressor spinning unloaded during non-productive intervals or pneumatic leaks.,Enable automatic standby interlock or perform ultrasonic pneumatic leak audit.,73.92
FURNACE_01,FDR_05,LOW_POWER_FACTOR,WARNING,2026-03-24 21:45,2026-03-24 21:55,0.2,3,Power Factor (cos phi),0.81,0.85,Inductive motor idling or degraded APFC capacitor bank stage.,Inspect local capacitor switching contactors and inspect APFC auto-controller.,1.11
MOTOR_01,FDR_01,EXCESSIVE_IDLE_CONSUMPTION,WARNING,2026-03-24 21:45,2026-03-25 05:55,8.2,51,Idle Power (kW),18.12,5.0,Machine or compressor spinning unloaded during non-productive intervals or pneumatic leaks.,Enable automatic standby interlock or perform ultrasonic pneumatic leak audit.,1270.82
MOTOR_01,FDR_01,LOW_POWER_FACTOR,CRITICAL,2026-03-24 21:45,2026-03-25 05:55,8.2,51,Power Factor (cos phi),0.76,0.85,Inductive motor idling or degraded APFC capacitor bank stage.,Inspect local capacitor switching contactors and inspect APFC auto-controller.,19.06
MOTOR_02,FDR_02,EXCESSIVE_IDLE_CONSUMPTION,WARNING,2026-03-24 21:45,2026-03-25 05:55,8.2,99,Idle Power (kW),14.03,5.0,Machine or compressor spinning unloaded during non-productive intervals or pneumatic leaks.,Enable automatic standby interlock or perform ultrasonic pneumatic leak audit.,983.73
COMP_01,FDR_04,LOW_POWER_FACTOR,CRITICAL,2026-03-24 18:40,2026-03-25 03:35,9.0,7,Power Factor (cos phi),0.8,0.85,Inductive motor idling or degraded APFC capacitor bank stage.,Inspect local capacitor switching contactors and inspect APFC auto-controller.,32.78
COMP_01,FDR_04,MACHINE_EFFICIENCY_DEGRADATION,WARNING,2026-03-24 10:50,2026-03-24 12:05,1.3,2,Power Deviation vs Baseline (%),14.4,12.0,"Elevated electrical input without production gain, coupled with high vibration/temperature.","Inspect motor mechanical condition, shaft alignment, and bearing lubrication.",61.24
AUX_01,FDR_07,LOW_POWER_FACTOR,CRITICAL,2026-03-24 10:15,2026-03-24 13:55,3.7,12,Power Factor (cos phi),0.78,0.85,Inductive motor idling or degraded APFC capacitor bank stage.,Inspect local capacitor switching contactors and inspect APFC auto-controller.,3.81
FURNACE_01,FDR_05,EXCESSIVE_IDLE_CONSUMPTION,WARNING,2026-03-24 10:15,2026-03-24 13:55,3.7,12,Idle Power (kW),35.29,5.0,Machine or compressor spinning unloaded during non-productive intervals or pneumatic leaks.,Enable automatic standby interlock or perform ultrasonic pneumatic leak audit.,1124.65
FURNACE_01,FDR_05,LOW_POWER_FACTOR,CRITICAL,2026-03-24 10:15,2026-03-24 13:55,3.7,12,Power Factor (cos phi),0.8,0.85,Inductive motor idling or degraded APFC capacitor bank stage.,Inspect local capacitor switching contactors and inspect APFC auto-controller.,16.88
MOTOR_01,FDR_01,EXCESSIVE_IDLE_CONSUMPTION,WARNING,2026-03-24 10:15,2026-03-24 13:55,3.7,12,Idle Power (kW),18.05,5.0,Machine or compressor spinning unloaded during non-productive intervals or pneumatic leaks.,Enable automatic standby interlock or perform ultrasonic pneumatic leak audit.,575.32
MOTOR_01,FDR_01,LOW_POWER_FACTOR,CRITICAL,2026-03-24 10:15,2026-03-24 13:55,3.7,12,Power Factor (cos phi),0.76,0.85,Inductive motor idling or degraded APFC capacitor bank stage.,Inspect local capacitor switching contactors and inspect APFC auto-controller.,8.63
MOTOR_02,FDR_02,EXCESSIVE_IDLE_CONSUMPTION,WARNING,2026-03-24 10:15,2026-03-24 13:55,3.7,12,Idle Power (kW),14.14,5.0,Machine or compressor spinning unloaded during non-productive intervals or pneumatic leaks.,Enable automatic standby interlock or perform ultrasonic pneumatic leak audit.,450.62
COMP_01,FDR_04,LOW_POWER_FACTOR,CRITICAL,2026-03-24 09:30,2026-03-24 14:00,4.6,14,Power Factor (cos phi),0.76,0.85,Inductive motor idling or degraded APFC capacitor bank stage.,Inspect local capacitor switching contactors and inspect APFC auto-controller.,11.62
COMP_01,FDR_04,MACHINE_EFFICIENCY_DEGRADATION,WARNING,2026-03-24 06:20,2026-03-24 06:20,0.1,1,Power Deviation vs Baseline (%),15.9,12.0,"Elevated electrical input without production gain, coupled with high vibration/temperature.","Inspect motor mechanical condition, shaft alignment, and bearing lubrication.",4.21
COMP_01,FDR_04,LOW_POWER_FACTOR,WARNING,2026-03-24 02:05,2026-03-24 05:00,3.0,2,Power Factor (cos phi),0.85,0.85,Inductive motor idling or degraded APFC capacitor bank stage.,Inspect local capacitor switching contactors and inspect APFC auto-controller.,13.3
FURNACE_01,FDR_05,MACHINE_EFFICIENCY_DEGRADATION,CRITICAL,2026-03-24 00:00,2026-03-27 23:55,96.0,1092,Power Deviation vs Baseline (%),22.93,12.0,"Elevated electrical input without production gain, coupled with high vibration/temperature.","Inspect motor mechanical condition, shaft alignment, and bearing lubrication.",24989.94
AUX_01,FDR_07,LOW_POWER_FACTOR,CRITICAL,2026-03-23 21:45,2026-03-24 05:55,8.2,99,Power Factor (cos phi),0.78,0.85,Inductive motor idling or degraded APFC capacitor bank stage.,Inspect local capacitor switching contactors and inspect APFC auto-controller.,8.34
FURNACE_01,FDR_05,EXCESSIVE_IDLE_CONSUMPTION,WARNING,2026-03-23 21:45,2026-03-23 21:55,0.2,3,Idle Power (kW),34.52,5.0,Machine or compressor spinning unloaded during non-productive intervals or pneumatic leaks.,Enable automatic standby interlock or perform ultrasonic pneumatic leak audit.,73.25
FURNACE_01,FDR_05,LOW_POWER_FACTOR,WARNING,2026-03-23 21:45,2026-03-23 21:55,0.2,3,Power Factor (cos phi),0.8,0.85,Inductive motor idling or degraded APFC capacitor bank stage.,Inspect local capacitor switching contactors and inspect APFC auto-controller.,1.1
MOTOR_01,FDR_01,EXCESSIVE_IDLE_CONSUMPTION,WARNING,2026-03-23 21:45,2026-03-24 05:55,8.2,51,Idle Power (kW),18.04,5.0,Machine or compressor spinning unloaded during non-productive intervals or pneumatic leaks.,Enable automatic standby interlock or perform ultrasonic pneumatic leak audit.,1264.81
MOTOR_01,FDR_01,LOW_POWER_FACTOR,CRITICAL,2026-03-23 21:45,2026-03-24 05:55,8.2,51,Power Factor (cos phi),0.76,0.85,Inductive motor idling or degraded APFC capacitor bank stage.,Inspect local capacitor switching contactors and inspect APFC auto-controller.,18.97
MOTOR_02,FDR_02,EXCESSIVE_IDLE_CONSUMPTION,WARNING,2026-03-23 21:45,2026-03-24 05:55,8.2,99,Idle Power (kW),13.96,5.0,Machine or compressor spinning unloaded during non-productive intervals or pneumatic leaks.,Enable automatic standby interlock or perform ultrasonic pneumatic leak audit.,978.66
COMP_01,FDR_04,MACHINE_EFFICIENCY_DEGRADATION,WARNING,2026-03-23 21:40,2026-03-24 01:20,3.7,2,Power Deviation vs Baseline (%),13.95,12.0,"Elevated electrical input without production gain, coupled with high vibration/temperature.","Inspect motor mechanical condition, shaft alignment, and bearing lubrication.",167.03
AUX_01,FDR_07,LOW_POWER_FACTOR,CRITICAL,2026-03-23 10:15,2026-03-23 13:55,3.7,12,Power Factor (cos phi),0.78,0.85,Inductive motor idling or degraded APFC capacitor bank stage.,Inspect local capacitor switching contactors and inspect APFC auto-controller.,3.82
FURNACE_01,FDR_05,EXCESSIVE_IDLE_CONSUMPTION,WARNING,2026-03-23 10:15,2026-03-23 13:55,3.7,12,Idle Power (kW),35.52,5.0,Machine or compressor spinning unloaded during non-productive intervals or pneumatic leaks.,Enable automatic standby interlock or perform ultrasonic pneumatic leak audit.,1132.24
FURNACE_01,FDR_05,LOW_POWER_FACTOR,WARNING,2026-03-23 10:15,2026-03-23 13:55,3.7,12,Power Factor (cos phi),0.8,0.85,Inductive motor idling or degraded APFC capacitor bank stage.,Inspect local capacitor switching contactors and inspect APFC auto-controller.,16.99
MOTOR_01,FDR_01,EXCESSIVE_IDLE_CONSUMPTION,WARNING,2026-03-23 10:15,2026-03-23 13:55,3.7,12,Idle Power (kW),18.31,5.0,Machine or compressor spinning unloaded during non-productive intervals or pneumatic leaks.,Enable automatic standby interlock or perform ultrasonic pneumatic leak audit.,583.69
MOTOR_01,FDR_01,LOW_POWER_FACTOR,CRITICAL,2026-03-23 10:15,2026-03-23 13:55,3.7,12,Power Factor (cos phi),0.76,0.85,Inductive motor idling or degraded APFC capacitor bank stage.,Inspect local capacitor switching contactors and inspect APFC auto-controller.,8.75
MOTOR_02,FDR_02,EXCESSIVE_IDLE_CONSUMPTION,WARNING,2026-03-23 10:15,2026-03-23 13:55,3.7,12,Idle Power (kW),14.05,5.0,Machine or compressor spinning unloaded during non-productive intervals or pneumatic leaks.,Enable automatic standby interlock or perform ultrasonic pneumatic leak audit.,447.67
COMP_01,FDR_04,LOW_POWER_FACTOR,CRITICAL,2026-03-23 08:40,2026-03-23 21:55,13.3,21,Power Factor (cos phi),0.78,0.85,Inductive motor idling or degraded APFC capacitor bank stage.,Inspect local capacitor switching contactors and inspect APFC auto-controller.,37.65
COMP_01,FDR_04,LOW_POWER_FACTOR,WARNING,2026-03-23 04:35,2026-03-23 04:35,0.1,1,Power Factor (cos phi),0.84,0.85,Inductive motor idling or degraded APFC capacitor bank stage.,Inspect local capacitor switching contactors and inspect APFC auto-controller.,0.43
MOTOR_01,FDR_01,EXCESSIVE_IDLE_CONSUMPTION,WARNING,2026-03-23 00:05,2026-03-23 05:55,5.9,36,Idle Power (kW),17.97,5.0,Machine or compressor spinning unloaded during non-productive intervals or pneumatic leaks.,Enable automatic standby interlock or perform ultrasonic pneumatic leak audit.,903.47
MOTOR_01,FDR_01,LOW_POWER_FACTOR,CRITICAL,2026-03-23 00:05,2026-03-23 05:55,5.9,36,Power Factor (cos phi),0.76,0.85,Inductive motor idling or degraded APFC capacitor bank stage.,Inspect local capacitor switching contactors and inspect APFC auto-controller.,13.55
COMP_01,FDR_04,EXCESSIVE_IDLE_CONSUMPTION,WARNING,2026-03-23 00:00,2026-03-28 23:55,144.0,942,Idle Power (kW),35.45,5.0,Machine or compressor spinning unloaded during non-productive intervals or pneumatic leaks.,Enable automatic standby interlock or perform ultrasonic pneumatic leak audit.,43396.11
LINE_01,FDR_06,LOW_POWER_FACTOR,CRITICAL,2026-03-23 00:00,2026-03-28 23:55,144.0,1551,Power Factor (cos phi),0.79,0.85,Inductive motor idling or degraded APFC capacitor bank stage.,Inspect local capacitor switching contactors and inspect APFC auto-controller.,240.13
MOTOR_02,FDR_02,EXCESSIVE_IDLE_CONSUMPTION,WARNING,2026-03-23 00:00,2026-03-23 05:55,6.0,72,Idle Power (kW),14.06,5.0,Machine or compressor spinning unloaded during non-productive intervals or pneumatic leaks.,Enable automatic standby interlock or perform ultrasonic pneumatic leak audit.,716.89
MOTOR_02,FDR_02,LOW_POWER_FACTOR,CRITICAL,2026-03-23 00:00,2026-03-28 23:55,144.0,1168,Power Factor (cos phi),0.78,0.85,Inductive motor idling or degraded APFC capacitor bank stage.,Inspect local capacitor switching contactors and inspect APFC auto-controller.,525.36
COMP_01,FDR_04,MACHINE_EFFICIENCY_DEGRADATION,WARNING,2026-03-21 23:10,2026-03-21 23:10,0.1,1,Power Deviation vs Baseline (%),12.6,12.0,"Elevated electrical input without production gain, coupled with high vibration/temperature.","Inspect motor mechanical condition, shaft alignment, and bearing lubrication.",3.33
AUX_01,FDR_07,LOW_POWER_FACTOR,CRITICAL,2026-03-21 21:45,2026-03-23 05:55,32.2,387,Power Factor (cos phi),0.78,0.85,Inductive motor idling or degraded APFC capacitor bank stage.,Inspect local capacitor switching contactors and inspect APFC auto-controller.,32.88
FURNACE_01,FDR_05,EXCESSIVE_IDLE_CONSUMPTION,WARNING,2026-03-21 21:45,2026-03-21 21:55,0.2,3,Idle Power (kW),35.31,5.0,Machine or compressor spinning unloaded during non-productive intervals or pneumatic leaks.,Enable automatic standby interlock or perform ultrasonic pneumatic leak audit.,74.94
FURNACE_01,FDR_05,LOW_POWER_FACTOR,WARNING,2026-03-21 21:45,2026-03-21 21:55,0.2,3,Power Factor (cos phi),0.81,0.85,Inductive motor idling or degraded APFC capacitor bank stage.,Inspect local capacitor switching contactors and inspect APFC auto-controller.,1.12
MOTOR_01,FDR_01,EXCESSIVE_IDLE_CONSUMPTION,WARNING,2026-03-21 21:45,2026-03-21 23:55,2.2,15,Idle Power (kW),17.93,5.0,Machine or compressor spinning unloaded during non-productive intervals or pneumatic leaks.,Enable automatic standby interlock or perform ultrasonic pneumatic leak audit.,342.93
MOTOR_01,FDR_01,LOW_POWER_FACTOR,CRITICAL,2026-03-21 21:45,2026-03-21 23:55,2.2,15,Power Factor (cos phi),0.76,0.85,Inductive motor idling or degraded APFC capacitor bank stage.,Inspect local capacitor switching contactors and inspect APFC auto-controller.,5.14
MOTOR_02,FDR_02,EXCESSIVE_IDLE_CONSUMPTION,WARNING,2026-03-21 21:45,2026-03-21 23:55,2.2,27,Idle Power (kW),14.14,5.0,Machine or compressor spinning unloaded during non-productive intervals or pneumatic leaks.,Enable automatic standby interlock or perform ultrasonic pneumatic leak audit.,270.32
COMP_01,FDR_04,LOW_POWER_FACTOR,CRITICAL,2026-03-21 19:00,2026-03-21 21:55,3.0,5,Power Factor (cos phi),0.79,0.85,Inductive motor idling or degraded APFC capacitor bank stage.,Inspect local capacitor switching contactors and inspect APFC auto-controller.,9.39
COMP_01,FDR_04,MACHINE_EFFICIENCY_DEGRADATION,WARNING,2026-03-21 11:35,2026-03-21 12:30,1.0,3,Power Deviation vs Baseline (%),13.83,12.0,"Elevated electrical input without production gain, coupled with high vibration/temperature.","Inspect motor mechanical condition, shaft alignment, and bearing lubrication.",44.16
AUX_01,FDR_07,LOW_POWER_FACTOR,CRITICAL,2026-03-21 10:15,2026-03-21 13:55,3.7,12,Power Factor (cos phi),0.78,0.85,Inductive motor idling or degraded APFC capacitor bank stage.,Inspect local capacitor switching contactors and inspect APFC auto-controller.,3.86
FURNACE_01,FDR_05,EXCESSIVE_IDLE_CONSUMPTION,WARNING,2026-03-21 10:15,2026-03-21 13:55,3.7,12,Idle Power (kW),35.0,5.0,Machine or compressor spinning unloaded during non-productive intervals or pneumatic leaks.,Enable automatic standby interlock or perform ultrasonic pneumatic leak audit.,1115.63
FURNACE_01,FDR_05,LOW_POWER_FACTOR,CRITICAL,2026-03-21 10:15,2026-03-21 13:55,3.7,12,Power Factor (cos phi),0.8,0.85,Inductive motor idling or degraded APFC capacitor bank stage.,Inspect local capacitor switching contactors and inspect APFC auto-controller.,16.74
MOTOR_01,FDR_01,EXCESSIVE_IDLE_CONSUMPTION,WARNING,2026-03-21 10:15,2026-03-21 13:55,3.7,12,Idle Power (kW),17.78,5.0,Machine or compressor spinning unloaded during non-productive intervals or pneumatic leaks.,Enable automatic standby interlock or perform ultrasonic pneumatic leak audit.,566.69
MOTOR_01,FDR_01,LOW_POWER_FACTOR,CRITICAL,2026-03-21 10:15,2026-03-21 13:55,3.7,12,Power Factor (cos phi),0.76,0.85,Inductive motor idling or degraded APFC capacitor bank stage.,Inspect local capacitor switching contactors and inspect APFC auto-controller.,8.5
MOTOR_02,FDR_02,EXCESSIVE_IDLE_CONSUMPTION,WARNING,2026-03-21 10:15,2026-03-21 13:55,3.7,12,Idle Power (kW),14.15,5.0,Machine or compressor spinning unloaded during non-productive intervals or pneumatic leaks.,Enable automatic standby interlock or perform ultrasonic pneumatic leak audit.,451.01
COMP_01,FDR_04,MACHINE_EFFICIENCY_DEGRADATION,WARNING,2026-03-21 07:00,2026-03-21 07:20,0.4,2,Power Deviation vs Baseline (%),12.85,12.0,"Elevated electrical input without production gain, coupled with high vibration/temperature.","Inspect motor mechanical condition, shaft alignment, and bearing lubrication.",17.11
PUMP_01,FDR_03,PHASE_IMBALANCE,CRITICAL,2026-03-21 00:00,2026-03-23 23:55,72.0,864,Current Imbalance (%),35.0,6.0,"Possible loose terminal lug, uneven phase loading, or contactor contact pitting.",Check breaker terminal torque and balance single-phase branch tapping.,243.48
COMP_01,FDR_04,MACHINE_EFFICIENCY_DEGRADATION,WARNING,2026-03-20 22:20,2026-03-20 22:20,0.1,1,Power Deviation vs Baseline (%),13.5,12.0,"Elevated electrical input without production gain, coupled with high vibration/temperature.","Inspect motor mechanical condition, shaft alignment, and bearing lubrication.",3.56
AUX_01,FDR_07,LOW_POWER_FACTOR,CRITICAL,2026-03-20 21:45,2026-03-21 05:55,8.2,99,Power Factor (cos phi),0.78,0.85,Inductive motor idling or degraded APFC capacitor bank stage.,Inspect local capacitor switching contactors and inspect APFC auto-controller.,8.4
FURNACE_01,FDR_05,EXCESSIVE_IDLE_CONSUMPTION,WARNING,2026-03-20 21:45,2026-03-20 21:55,0.2,3,Idle Power (kW),35.65,5.0,Machine or compressor spinning unloaded during non-productive intervals or pneumatic leaks.,Enable automatic standby interlock or perform ultrasonic pneumatic leak audit.,75.65
FURNACE_01,FDR_05,LOW_POWER_FACTOR,WARNING,2026-03-20 21:45,2026-03-20 21:55,0.2,3,Power Factor (cos phi),0.8,0.85,Inductive motor idling or degraded APFC capacitor bank stage.,Inspect local capacitor switching contactors and inspect APFC auto-controller.,1.13
MOTOR_01,FDR_01,EXCESSIVE_IDLE_CONSUMPTION,WARNING,2026-03-20 21:45,2026-03-21 05:55,8.2,51,Idle Power (kW),17.99,5.0,Machine or compressor spinning unloaded during non-productive intervals or pneumatic leaks.,Enable automatic standby interlock or perform ultrasonic pneumatic leak audit.,1261.53
MOTOR_02,FDR_02,EXCESSIVE_IDLE_CONSUMPTION,WARNING,2026-03-20 21:45,2026-03-21 05:55,8.2,99,Idle Power (kW),13.92,5.0,Machine or compressor spinning unloaded during non-productive intervals or pneumatic leaks.,Enable automatic standby interlock or perform ultrasonic pneumatic leak audit.,975.89
MOTOR_01,FDR_01,LOW_POWER_FACTOR,CRITICAL,2026-03-20 20:10,2026-03-21 05:55,9.8,52,Power Factor (cos phi),0.76,0.85,Inductive motor idling or degraded APFC capacitor bank stage.,Inspect local capacitor switching contactors and inspect APFC auto-controller.,23.61
AUX_01,FDR_07,LOW_POWER_FACTOR,CRITICAL,2026-03-20 10:15,2026-03-20 13:55,3.7,12,Power Factor (cos phi),0.78,0.85,Inductive motor idling or degraded APFC capacitor bank stage.,Inspect local capacitor switching contactors and inspect APFC auto-controller.,3.82
FURNACE_01,FDR_05,EXCESSIVE_IDLE_CONSUMPTION,WARNING,2026-03-20 10:15,2026-03-20 13:55,3.7,12,Idle Power (kW),35.23,5.0,Machine or compressor spinning unloaded during non-productive intervals or pneumatic leaks.,Enable automatic standby interlock or perform ultrasonic pneumatic leak audit.,1122.85
FURNACE_01,FDR_05,LOW_POWER_FACTOR,WARNING,2026-03-20 10:15,2026-03-20 13:55,3.7,12,Power Factor (cos phi),0.81,0.85,Inductive motor idling or degraded APFC capacitor bank stage.,Inspect local capacitor switching contactors and inspect APFC auto-controller.,16.85
MOTOR_01,FDR_01,EXCESSIVE_IDLE_CONSUMPTION,WARNING,2026-03-20 10:15,2026-03-20 13:55,3.7,12,Idle Power (kW),18.11,5.0,Machine or compressor spinning unloaded during non-productive intervals or pneumatic leaks.,Enable automatic standby interlock or perform ultrasonic pneumatic leak audit.,577.23
MOTOR_01,FDR_01,LOW_POWER_FACTOR,CRITICAL,2026-03-20 10:15,2026-03-20 13:55,3.7,12,Power Factor (cos phi),0.76,0.85,Inductive motor idling or degraded APFC capacitor bank stage.,Inspect local capacitor switching contactors and inspect APFC auto-controller.,8.66
MOTOR_02,FDR_02,EXCESSIVE_IDLE_CONSUMPTION,WARNING,2026-03-20 10:15,2026-03-20 13:55,3.7,12,Idle Power (kW),13.93,5.0,Machine or compressor spinning unloaded during non-productive intervals or pneumatic leaks.,Enable automatic standby interlock or perform ultrasonic pneumatic leak audit.,443.93
COMP_01,FDR_04,MACHINE_EFFICIENCY_DEGRADATION,WARNING,2026-03-20 00:55,2026-03-20 09:10,8.3,4,Power Deviation vs Baseline (%),12.57,12.0,"Elevated electrical input without production gain, coupled with high vibration/temperature.","Inspect motor mechanical condition, shaft alignment, and bearing lubrication.",334.86
AUX_01,FDR_07,LOW_POWER_FACTOR,CRITICAL,2026-03-19 21:45,2026-03-20 05:55,8.2,99,Power Factor (cos phi),0.78,0.85,Inductive motor idling or degraded APFC capacitor bank stage.,Inspect local capacitor switching contactors and inspect APFC auto-controller.,8.42
FURNACE_01,FDR_05,EXCESSIVE_IDLE_CONSUMPTION,WARNING,2026-03-19 21:45,2026-03-19 21:55,0.2,3,Idle Power (kW),34.24,5.0,Machine or compressor spinning unloaded during non-productive intervals or pneumatic leaks.,Enable automatic standby interlock or perform ultrasonic pneumatic leak audit.,72.66
FURNACE_01,FDR_05,LOW_POWER_FACTOR,WARNING,2026-03-19 21:45,2026-03-19 21:55,0.2,3,Power Factor (cos phi),0.8,0.85,Inductive motor idling or degraded APFC capacitor bank stage.,Inspect local capacitor switching contactors and inspect APFC auto-controller.,1.09
MOTOR_01,FDR_01,EXCESSIVE_IDLE_CONSUMPTION,WARNING,2026-03-19 21:45,2026-03-20 05:55,8.2,51,Idle Power (kW),17.91,5.0,Machine or compressor spinning unloaded during non-productive intervals or pneumatic leaks.,Enable automatic standby interlock or perform ultrasonic pneumatic leak audit.,1255.57
MOTOR_01,FDR_01,LOW_POWER_FACTOR,CRITICAL,2026-03-19 21:45,2026-03-20 05:55,8.2,51,Power Factor (cos phi),0.76,0.85,Inductive motor idling or degraded APFC capacitor bank stage.,Inspect local capacitor switching contactors and inspect APFC auto-controller.,18.83
MOTOR_02,FDR_02,EXCESSIVE_IDLE_CONSUMPTION,WARNING,2026-03-19 21:45,2026-03-20 05:55,8.2,99,Idle Power (kW),13.97,5.0,Machine or compressor spinning unloaded during non-productive intervals or pneumatic leaks.,Enable automatic standby interlock or perform ultrasonic pneumatic leak audit.,979.32
COMP_01,FDR_04,MACHINE_EFFICIENCY_DEGRADATION,WARNING,2026-03-19 16:30,2026-03-19 16:30,0.1,1,Power Deviation vs Baseline (%),12.2,12.0,"Elevated electrical input without production gain, coupled with high vibration/temperature.","Inspect motor mechanical condition, shaft alignment, and bearing lubrication.",3.25
AUX_01,FDR_07,LOW_POWER_FACTOR,CRITICAL,2026-03-19 10:15,2026-03-19 13:55,3.7,12,Power Factor (cos phi),0.78,0.85,Inductive motor idling or degraded APFC capacitor bank stage.,Inspect local capacitor switching contactors and inspect APFC auto-controller.,3.82
FURNACE_01,FDR_05,EXCESSIVE_IDLE_CONSUMPTION,WARNING,2026-03-19 10:15,2026-03-19 13:55,3.7,12,Idle Power (kW),35.58,5.0,Machine or compressor spinning unloaded during non-productive intervals or pneumatic leaks.,Enable automatic standby interlock or perform ultrasonic pneumatic leak audit.,1134.12
FURNACE_01,FDR_05,LOW_POWER_FACTOR,CRITICAL,2026-03-19 10:15,2026-03-19 13:55,3.7,12,Power Factor (cos phi),0.8,0.85,Inductive motor idling or degraded APFC capacitor bank stage.,Inspect local capacitor switching contactors and inspect APFC auto-controller.,17.01
MOTOR_01,FDR_01,EXCESSIVE_IDLE_CONSUMPTION,WARNING,2026-03-19 10:15,2026-03-19 13:55,3.7,12,Idle Power (kW),18.08,5.0,Machine or compressor spinning unloaded during non-productive intervals or pneumatic leaks.,Enable automatic standby interlock or perform ultrasonic pneumatic leak audit.,576.25
MOTOR_01,FDR_01,LOW_POWER_FACTOR,CRITICAL,2026-03-19 10:15,2026-03-19 13:55,3.7,12,Power Factor (cos phi),0.76,0.85,Inductive motor idling or degraded APFC capacitor bank stage.,Inspect local capacitor switching contactors and inspect APFC auto-controller.,8.64
MOTOR_02,FDR_02,EXCESSIVE_IDLE_CONSUMPTION,WARNING,2026-03-19 10:15,2026-03-19 13:55,3.7,12,Idle Power (kW),13.86,5.0,Machine or compressor spinning unloaded during non-productive intervals or pneumatic leaks.,Enable automatic standby interlock or perform ultrasonic pneumatic leak audit.,441.78
COMP_01,FDR_04,MACHINE_EFFICIENCY_DEGRADATION,WARNING,2026-03-19 06:45,2026-03-19 07:45,1.1,3,Power Deviation vs Baseline (%),13.97,12.0,"Elevated electrical input without production gain, coupled with high vibration/temperature.","Inspect motor mechanical condition, shaft alignment, and bearing lubrication.",48.36
AUX_01,FDR_07,LOW_POWER_FACTOR,CRITICAL,2026-03-18 21:45,2026-03-19 05:55,8.2,99,Power Factor (cos phi),0.78,0.85,Inductive motor idling or degraded APFC capacitor bank stage.,Inspect local capacitor switching contactors and inspect APFC auto-controller.,8.47
FURNACE_01,FDR_05,EXCESSIVE_IDLE_CONSUMPTION,WARNING,2026-03-18 21:45,2026-03-18 21:55,0.2,3,Idle Power (kW),35.98,5.0,Machine or compressor spinning unloaded during non-productive intervals or pneumatic leaks.,Enable automatic standby interlock or perform ultrasonic pneumatic leak audit.,76.36
FURNACE_01,FDR_05,LOW_POWER_FACTOR,WARNING,2026-03-18 21:45,2026-03-18 21:55,0.2,3,Power Factor (cos phi),0.8,0.85,Inductive motor idling or degraded APFC capacitor bank stage.,Inspect local capacitor switching contactors and inspect APFC auto-controller.,1.15
MOTOR_01,FDR_01,EXCESSIVE_IDLE_CONSUMPTION,WARNING,2026-03-18 21:45,2026-03-19 05:55,8.2,51,Idle Power (kW),18.11,5.0,Machine or compressor spinning unloaded during non-productive intervals or pneumatic leaks.,Enable automatic standby interlock or perform ultrasonic pneumatic leak audit.,1270.18
MOTOR_01,FDR_01,LOW_POWER_FACTOR,CRITICAL,2026-03-18 21:45,2026-03-19 05:55,8.2,51,Power Factor (cos phi),0.76,0.85,Inductive motor idling or degraded APFC capacitor bank stage.,Inspect local capacitor switching contactors and inspect APFC auto-controller.,19.05
MOTOR_02,FDR_02,EXCESSIVE_IDLE_CONSUMPTION,WARNING,2026-03-18 21:45,2026-03-19 05:55,8.2,99,Idle Power (kW),13.98,5.0,Machine or compressor spinning unloaded during non-productive intervals or pneumatic leaks.,Enable automatic standby interlock or perform ultrasonic pneumatic leak audit.,980.18
COMP_01,FDR_04,MACHINE_EFFICIENCY_DEGRADATION,WARNING,2026-03-18 19:35,2026-03-18 20:50,1.3,2,Power Deviation vs Baseline (%),12.45,12.0,"Elevated electrical input without production gain, coupled with high vibration/temperature.","Inspect motor mechanical condition, shaft alignment, and bearing lubrication.",52.91
AUX_01,FDR_07,LOW_POWER_FACTOR,CRITICAL,2026-03-18 10:15,2026-03-18 13:55,3.7,12,Power Factor (cos phi),0.78,0.85,Inductive motor idling or degraded APFC capacitor bank stage.,Inspect local capacitor switching contactors and inspect APFC auto-controller.,3.73
FURNACE_01,FDR_05,EXCESSIVE_IDLE_CONSUMPTION,WARNING,2026-03-18 10:15,2026-03-18 13:55,3.7,12,Idle Power (kW),34.17,5.0,Machine or compressor spinning unloaded during non-productive intervals or pneumatic leaks.,Enable automatic standby interlock or perform ultrasonic pneumatic leak audit.,1089.13
FURNACE_01,FDR_05,LOW_POWER_FACTOR,WARNING,2026-03-18 10:15,2026-03-18 13:55,3.7,12,Power Factor (cos phi),0.8,0.85,Inductive motor idling or degraded APFC capacitor bank stage.,Inspect local capacitor switching contactors and inspect APFC auto-controller.,16.34
MOTOR_01,FDR_01,EXCESSIVE_IDLE_CONSUMPTION,WARNING,2026-03-18 10:15,2026-03-18 13:55,3.7,12,Idle Power (kW),18.44,5.0,Machine or compressor spinning unloaded during non-productive intervals or pneumatic leaks.,Enable automatic standby interlock or perform ultrasonic pneumatic leak audit.,587.86
MOTOR_01,FDR_01,LOW_POWER_FACTOR,CRITICAL,2026-03-18 10:15,2026-03-18 13:55,3.7,12,Power Factor (cos phi),0.76,0.85,Inductive motor idling or degraded APFC capacitor bank stage.,Inspect local capacitor switching contactors and inspect APFC auto-controller.,8.81
MOTOR_02,FDR_02,EXCESSIVE_IDLE_CONSUMPTION,WARNING,2026-03-18 10:15,2026-03-18 13:55,3.7,12,Idle Power (kW),14.13,5.0,Machine or compressor spinning unloaded during non-productive intervals or pneumatic leaks.,Enable automatic standby interlock or perform ultrasonic pneumatic leak audit.,450.33
COMP_01,FDR_04,MACHINE_EFFICIENCY_DEGRADATION,WARNING,2026-03-18 08:50,2026-03-18 08:50,0.1,1,Power Deviation vs Baseline (%),12.3,12.0,"Elevated electrical input without production gain, coupled with high vibration/temperature.","Inspect motor mechanical condition, shaft alignment, and bearing lubrication.",3.26
COMP_01,FDR_04,MACHINE_EFFICIENCY_DEGRADATION,WARNING,2026-03-18 00:30,2026-03-18 03:20,2.9,4,Power Deviation vs Baseline (%),13.18,12.0,"Elevated electrical input without production gain, coupled with high vibration/temperature.","Inspect motor mechanical condition, shaft alignment, and bearing lubrication.",122.52
AUX_01,FDR_07,LOW_POWER_FACTOR,CRITICAL,2026-03-17 21:45,2026-03-18 05:55,8.2,99,Power Factor (cos phi),0.78,0.85,Inductive motor idling or degraded APFC capacitor bank stage.,Inspect local capacitor switching contactors and inspect APFC auto-controller.,8.41
FURNACE_01,FDR_05,EXCESSIVE_IDLE_CONSUMPTION,WARNING,2026-03-17 21:45,2026-03-17 21:55,0.2,3,Idle Power (kW),34.93,5.0,Machine or compressor spinning unloaded during non-productive intervals or pneumatic leaks.,Enable automatic standby interlock or perform ultrasonic pneumatic leak audit.,74.13
FURNACE_01,FDR_05,LOW_POWER_FACTOR,WARNING,2026-03-17 21:45,2026-03-17 21:55,0.2,3,Power Factor (cos phi),0.8,0.85,Inductive motor idling or degraded APFC capacitor bank stage.,Inspect local capacitor switching contactors and inspect APFC auto-controller.,1.11
MOTOR_01,FDR_01,EXCESSIVE_IDLE_CONSUMPTION,WARNING,2026-03-17 21:45,2026-03-18 05:55,8.2,51,Idle Power (kW),18.04,5.0,Machine or compressor spinning unloaded during non-productive intervals or pneumatic leaks.,Enable automatic standby interlock or perform ultrasonic pneumatic leak audit.,1265.25
MOTOR_02,FDR_02,EXCESSIVE_IDLE_CONSUMPTION,WARNING,2026-03-17 21:45,2026-03-18 05:55,8.2,99,Idle Power (kW),14.01,5.0,Machine or compressor spinning unloaded during non-productive intervals or pneumatic leaks.,Enable automatic standby interlock or perform ultrasonic pneumatic leak audit.,982.24
MOTOR_01,FDR_01,LOW_POWER_FACTOR,CRITICAL,2026-03-17 18:20,2026-03-18 05:55,11.7,53,Power Factor (cos phi),0.76,0.85,Inductive motor idling or degraded APFC capacitor bank stage.,Inspect local capacitor switching contactors and inspect APFC auto-controller.,29.37
COMP_01,FDR_04,MACHINE_EFFICIENCY_DEGRADATION,WARNING,2026-03-17 12:40,2026-03-17 20:25,7.8,3,Power Deviation vs Baseline (%),12.93,12.0,"Elevated electrical input without production gain, coupled with high vibration/temperature.","Inspect motor mechanical condition, shaft alignment, and bearing lubrication.",324.23
AUX_01,FDR_07,LOW_POWER_FACTOR,CRITICAL,2026-03-17 10:15,2026-03-17 13:55,3.7,12,Power Factor (cos phi),0.78,0.85,Inductive motor idling or degraded APFC capacitor bank stage.,Inspect local capacitor switching contactors and inspect APFC auto-controller.,3.85
COMP_01,FDR_04,LOW_POWER_FACTOR,CRITICAL,2026-03-17 10:15,2026-03-21 13:55,99.7,901,Power Factor (cos phi),0.71,0.85,Inductive motor idling or degraded APFC capacitor bank stage.,Inspect local capacitor switching contactors and inspect APFC auto-controller.,456.64
FURNACE_01,FDR_05,EXCESSIVE_IDLE_CONSUMPTION,WARNING,2026-03-17 10:15,2026-03-17 13:55,3.7,12,Idle Power (kW),34.56,5.0,Machine or compressor spinning unloaded during non-productive intervals or pneumatic leaks.,Enable automatic standby interlock or perform ultrasonic pneumatic leak audit.,1101.52
FURNACE_01,FDR_05,LOW_POWER_FACTOR,WARNING,2026-03-17 10:15,2026-03-17 13:55,3.7,12,Power Factor (cos phi),0.8,0.85,Inductive motor idling or degraded APFC capacitor bank stage.,Inspect local capacitor switching contactors and inspect APFC auto-controller.,16.52
MOTOR_01,FDR_01,EXCESSIVE_IDLE_CONSUMPTION,WARNING,2026-03-17 10:15,2026-03-17 13:55,3.7,12,Idle Power (kW),18.37,5.0,Machine or compressor spinning unloaded during non-productive intervals or pneumatic leaks.,Enable automatic standby interlock or perform ultrasonic pneumatic leak audit.,585.44
MOTOR_01,FDR_01,LOW_POWER_FACTOR,CRITICAL,2026-03-17 10:15,2026-03-17 13:55,3.7,12,Power Factor (cos phi),0.76,0.85,Inductive motor idling or degraded APFC capacitor bank stage.,Inspect local capacitor switching contactors and inspect APFC auto-controller.,8.78
MOTOR_02,FDR_02,EXCESSIVE_IDLE_CONSUMPTION,WARNING,2026-03-17 10:15,2026-03-17 13:55,3.7,12,Idle Power (kW),14.03,5.0,Machine or compressor spinning unloaded during non-productive intervals or pneumatic leaks.,Enable automatic standby interlock or perform ultrasonic pneumatic leak audit.,447.33
COMP_01,FDR_04,LOW_POWER_FACTOR,WARNING,2026-03-17 06:10,2026-03-17 06:10,0.1,1,Power Factor (cos phi),0.85,0.85,Inductive motor idling or degraded APFC capacitor bank stage.,Inspect local capacitor switching contactors and inspect APFC auto-controller.,0.4
COMP_01,FDR_04,MACHINE_EFFICIENCY_DEGRADATION,WARNING,2026-03-17 03:10,2026-03-17 08:25,5.3,4,Power Deviation vs Baseline (%),13.33,12.0,"Elevated electrical input without production gain, coupled with high vibration/temperature.","Inspect motor mechanical condition, shaft alignment, and bearing lubrication.",227.21
AUX_01,FDR_07,LOW_POWER_FACTOR,CRITICAL,2026-03-16 21:45,2026-03-17 05:55,8.2,99,Power Factor (cos phi),0.78,0.85,Inductive motor idling or degraded APFC capacitor bank stage.,Inspect local capacitor switching contactors and inspect APFC auto-controller.,8.45
COMP_01,FDR_04,LOW_POWER_FACTOR,CRITICAL,2026-03-16 21:45,2026-03-17 00:40,3.0,6,Power Factor (cos phi),0.8,0.85,Inductive motor idling or degraded APFC capacitor bank stage.,Inspect local capacitor switching contactors and inspect APFC auto-controller.,10.83
FURNACE_01,FDR_05,EXCESSIVE_IDLE_CONSUMPTION,WARNING,2026-03-16 21:45,2026-03-16 21:55,0.2,3,Idle Power (kW),36.14,5.0,Machine or compressor spinning unloaded during non-productive intervals or pneumatic leaks.,Enable automatic standby interlock or perform ultrasonic pneumatic leak audit.,76.7
FURNACE_01,FDR_05,LOW_POWER_FACTOR,WARNING,2026-03-16 21:45,2026-03-16 21:55,0.2,3,Power Factor (cos phi),0.79,0.85,Inductive motor idling or degraded APFC capacitor bank stage.,Inspect local capacitor switching contactors and inspect APFC auto-controller.,1.15
MOTOR_01,FDR_01,EXCESSIVE_IDLE_CONSUMPTION,WARNING,2026-03-16 21:45,2026-03-17 05:55,8.2,51,Idle Power (kW),17.89,5.0,Machine or compressor spinning unloaded during non-productive intervals or pneumatic leaks.,Enable automatic standby interlock or perform ultrasonic pneumatic leak audit.,1254.2
MOTOR_01,FDR_01,LOW_POWER_FACTOR,CRITICAL,2026-03-16 21:45,2026-03-17 06:05,8.4,52,Power Factor (cos phi),0.76,0.85,Inductive motor idling or degraded APFC capacitor bank stage.,Inspect local capacitor switching contactors and inspect APFC auto-controller.,20.21
MOTOR_02,FDR_02,EXCESSIVE_IDLE_CONSUMPTION,WARNING,2026-03-16 21:45,2026-03-17 05:55,8.2,99,Idle Power (kW),14.0,5.0,Machine or compressor spinning unloaded during non-productive intervals or pneumatic leaks.,Enable automatic standby interlock or perform ultrasonic pneumatic leak audit.,981.71
AUX_01,FDR_07,LOW_POWER_FACTOR,CRITICAL,2026-03-16 10:15,2026-03-16 13:55,3.7,12,Power Factor (cos phi),0.78,0.85,Inductive motor idling or degraded APFC capacitor bank stage.,Inspect local capacitor switching contactors and inspect APFC auto-controller.,3.84
FURNACE_01,FDR_05,EXCESSIVE_IDLE_CONSUMPTION,WARNING,2026-03-16 10:15,2026-03-16 13:55,3.7,12,Idle Power (kW),34.61,5.0,Machine or compressor spinning unloaded during non-productive intervals or pneumatic leaks.,Enable automatic standby interlock or perform ultrasonic pneumatic leak audit.,1102.96
FURNACE_01,FDR_05,LOW_POWER_FACTOR,CRITICAL,2026-03-16 10:15,2026-03-16 13:55,3.7,12,Power Factor (cos phi),0.8,0.85,Inductive motor idling or degraded APFC capacitor bank stage.,Inspect local capacitor switching contactors and inspect APFC auto-controller.,16.55
MOTOR_01,FDR_01,EXCESSIVE_IDLE_CONSUMPTION,WARNING,2026-03-16 10:15,2026-03-16 13:55,3.7,12,Idle Power (kW),17.78,5.0,Machine or compressor spinning unloaded during non-productive intervals or pneumatic leaks.,Enable automatic standby interlock or perform ultrasonic pneumatic leak audit.,566.64
MOTOR_02,FDR_02,EXCESSIVE_IDLE_CONSUMPTION,WARNING,2026-03-16 10:15,2026-03-16 13:55,3.7,12,Idle Power (kW),14.02,5.0,Machine or compressor spinning unloaded during non-productive intervals or pneumatic leaks.,Enable automatic standby interlock or perform ultrasonic pneumatic leak audit.,446.74
COMP_01,FDR_04,LOW_POWER_FACTOR,CRITICAL,2026-03-16 09:20,2026-03-16 15:45,6.5,14,Power Factor (cos phi),0.76,0.85,Inductive motor idling or degraded APFC capacitor bank stage.,Inspect local capacitor switching contactors and inspect APFC auto-controller.,20.1
COMP_01,FDR_04,MACHINE_EFFICIENCY_DEGRADATION,WARNING,2026-03-16 06:05,2026-03-16 06:05,0.1,1,Power Deviation vs Baseline (%),12.5,12.0,"Elevated electrical input without production gain, coupled with high vibration/temperature.","Inspect motor mechanical condition, shaft alignment, and bearing lubrication.",3.31
MOTOR_01,FDR_01,EXCESSIVE_IDLE_CONSUMPTION,WARNING,2026-03-16 00:05,2026-03-16 05:55,5.9,36,Idle Power (kW),18.03,5.0,Machine or compressor spinning unloaded during non-productive intervals or pneumatic leaks.,Enable automatic standby interlock or perform ultrasonic pneumatic leak audit.,906.61
MOTOR_01,FDR_01,LOW_POWER_FACTOR,CRITICAL,2026-03-16 00:05,2026-03-16 13:55,13.9,49,Power Factor (cos phi),0.76,0.85,Inductive motor idling or degraded APFC capacitor bank stage.,Inspect local capacitor switching contactors and inspect APFC auto-controller.,33.54
LINE_01,FDR_06,LOW_POWER_FACTOR,CRITICAL,2026-03-16 00:00,2026-03-21 23:55,144.0,1525,Power Factor (cos phi),0.79,0.85,Inductive motor idling or degraded APFC capacitor bank stage.,Inspect local capacitor switching contactors and inspect APFC auto-controller.,238.04
MOTOR_02,FDR_02,EXCESSIVE_IDLE_CONSUMPTION,WARNING,2026-03-16 00:00,2026-03-16 05:55,6.0,72,Idle Power (kW),13.91,5.0,Machine or compressor spinning unloaded during non-productive intervals or pneumatic leaks.,Enable automatic standby interlock or perform ultrasonic pneumatic leak audit.,709.62
MOTOR_02,FDR_02,LOW_POWER_FACTOR,CRITICAL,2026-03-16 00:00,2026-03-21 23:55,144.0,1451,Power Factor (cos phi),0.72,0.85,Inductive motor idling or degraded APFC capacitor bank stage.,Inspect local capacitor switching contactors and inspect APFC auto-controller.,573.53
COMP_01,FDR_04,EXCESSIVE_IDLE_CONSUMPTION,WARNING,2026-03-15 21:45,2026-03-21 23:55,146.2,975,Idle Power (kW),34.43,5.0,Machine or compressor spinning unloaded during non-productive intervals or pneumatic leaks.,Enable automatic standby interlock or perform ultrasonic pneumatic leak audit.,42800.44
COMP_01,FDR_04,LOW_POWER_FACTOR,CRITICAL,2026-03-15 21:45,2026-03-15 23:55,2.2,15,Power Factor (cos phi),0.55,0.85,Inductive motor idling or degraded APFC capacitor bank stage.,Inspect local capacitor switching contactors and inspect APFC auto-controller.,6.51
COMP_01,FDR_04,EXCESSIVE_IDLE_CONSUMPTION,WARNING,2026-03-15 10:15,2026-03-15 13:55,3.7,12,Idle Power (kW),22.85,5.0,Machine or compressor spinning unloaded during non-productive intervals or pneumatic leaks.,Enable automatic standby interlock or perform ultrasonic pneumatic leak audit.,728.25
COMP_01,FDR_04,LOW_POWER_FACTOR,CRITICAL,2026-03-15 10:15,2026-03-15 13:55,3.7,12,Power Factor (cos phi),0.55,0.85,Inductive motor idling or degraded APFC capacitor bank stage.,Inspect local capacitor switching contactors and inspect APFC auto-controller.,10.92
AUX_01,FDR_07,LOW_POWER_FACTOR,CRITICAL,2026-03-14 21:45,2026-03-16 05:55,32.2,387,Power Factor (cos phi),0.78,0.85,Inductive motor idling or degraded APFC capacitor bank stage.,Inspect local capacitor switching contactors and inspect APFC auto-controller.,33.01
COMP_01,FDR_04,LOW_POWER_FACTOR,CRITICAL,2026-03-14 21:45,2026-03-15 04:55,7.2,64,Power Factor (cos phi),0.56,0.85,Inductive motor idling or degraded APFC capacitor bank stage.,Inspect local capacitor switching contactors and inspect APFC auto-controller.,21.02
FURNACE_01,FDR_05,EXCESSIVE_IDLE_CONSUMPTION,WARNING,2026-03-14 21:45,2026-03-14 21:55,0.2,3,Idle Power (kW),34.39,5.0,Machine or compressor spinning unloaded during non-productive intervals or pneumatic leaks.,Enable automatic standby interlock or perform ultrasonic pneumatic leak audit.,72.98
FURNACE_01,FDR_05,LOW_POWER_FACTOR,WARNING,2026-03-14 21:45,2026-03-14 21:55,0.2,3,Power Factor (cos phi),0.8,0.85,Inductive motor idling or degraded APFC capacitor bank stage.,Inspect local capacitor switching contactors and inspect APFC auto-controller.,1.09
MOTOR_01,FDR_01,EXCESSIVE_IDLE_CONSUMPTION,WARNING,2026-03-14 21:45,2026-03-14 23:55,2.2,15,Idle Power (kW),17.99,5.0,Machine or compressor spinning unloaded during non-productive intervals or pneumatic leaks.,Enable automatic standby interlock or perform ultrasonic pneumatic leak audit.,344.05
MOTOR_01,FDR_01,LOW_POWER_FACTOR,CRITICAL,2026-03-14 21:45,2026-03-14 23:55,2.2,15,Power Factor (cos phi),0.76,0.85,Inductive motor idling or degraded APFC capacitor bank stage.,Inspect local capacitor switching contactors and inspect APFC auto-controller.,5.16
MOTOR_02,FDR_02,EXCESSIVE_IDLE_CONSUMPTION,WARNING,2026-03-14 21:45,2026-03-14 23:55,2.2,27,Idle Power (kW),13.98,5.0,Machine or compressor spinning unloaded during non-productive intervals or pneumatic leaks.,Enable automatic standby interlock or perform ultrasonic pneumatic leak audit.,267.39
COMP_01,FDR_04,MACHINE_EFFICIENCY_DEGRADATION,WARNING,2026-03-14 16:30,2026-03-14 16:30,0.1,1,Power Deviation vs Baseline (%),12.2,12.0,"Elevated electrical input without production gain, coupled with high vibration/temperature.","Inspect motor mechanical condition, shaft alignment, and bearing lubrication.",3.25
AUX_01,FDR_07,LOW_POWER_FACTOR,CRITICAL,2026-03-14 10:15,2026-03-14 13:55,3.7,12,Power Factor (cos phi),0.78,0.85,Inductive motor idling or degraded APFC capacitor bank stage.,Inspect local capacitor switching contactors and inspect APFC auto-controller.,3.87
COMP_01,FDR_04,LOW_POWER_FACTOR,CRITICAL,2026-03-14 10:15,2026-03-14 16:00,5.8,14,Power Factor (cos phi),0.76,0.85,Inductive motor idling or degraded APFC capacitor bank stage.,Inspect local capacitor switching contactors and inspect APFC auto-controller.,18.31
FURNACE_01,FDR_05,EXCESSIVE_IDLE_CONSUMPTION,WARNING,2026-03-14 10:15,2026-03-14 13:55,3.7,12,Idle Power (kW),35.44,5.0,Machine or compressor spinning unloaded during non-productive intervals or pneumatic leaks.,Enable automatic standby interlock or perform ultrasonic pneumatic leak audit.,1129.55
FURNACE_01,FDR_05,LOW_POWER_FACTOR,WARNING,2026-03-14 10:15,2026-03-14 13:55,3.7,12,Power Factor (cos phi),0.8,0.85,Inductive motor idling or degraded APFC capacitor bank stage.,Inspect local capacitor switching contactors and inspect APFC auto-controller.,16.94
MOTOR_01,FDR_01,EXCESSIVE_IDLE_CONSUMPTION,WARNING,2026-03-14 10:15,2026-03-14 13:55,3.7,12,Idle Power (kW),17.94,5.0,Machine or compressor spinning unloaded during non-productive intervals or pneumatic leaks.,Enable automatic standby interlock or perform ultrasonic pneumatic leak audit.,571.86
MOTOR_01,FDR_01,LOW_POWER_FACTOR,CRITICAL,2026-03-14 10:15,2026-03-14 13:55,3.7,12,Power Factor (cos phi),0.76,0.85,Inductive motor idling or degraded APFC capacitor bank stage.,Inspect local capacitor switching contactors and inspect APFC auto-controller.,8.58
MOTOR_02,FDR_02,EXCESSIVE_IDLE_CONSUMPTION,WARNING,2026-03-14 10:15,2026-03-14 13:55,3.7,12,Idle Power (kW),14.2,5.0,Machine or compressor spinning unloaded during non-productive intervals or pneumatic leaks.,Enable automatic standby interlock or perform ultrasonic pneumatic leak audit.,452.7
COMP_01,FDR_04,LOW_POWER_FACTOR,WARNING,2026-03-14 03:00,2026-03-14 05:45,2.8,3,Power Factor (cos phi),0.85,0.85,Inductive motor idling or degraded APFC capacitor bank stage.,Inspect local capacitor switching contactors and inspect APFC auto-controller.,10.34
AUX_01,FDR_07,LOW_POWER_FACTOR,CRITICAL,2026-03-13 21:45,2026-03-14 05:55,8.2,99,Power Factor (cos phi),0.78,0.85,Inductive motor idling or degraded APFC capacitor bank stage.,Inspect local capacitor switching contactors and inspect APFC auto-controller.,8.45
COMP_01,FDR_04,LOW_POWER_FACTOR,CRITICAL,2026-03-13 21:45,2026-03-13 22:50,1.2,4,Power Factor (cos phi),0.77,0.85,Inductive motor idling or degraded APFC capacitor bank stage.,Inspect local capacitor switching contactors and inspect APFC auto-controller.,3.94
FURNACE_01,FDR_05,EXCESSIVE_IDLE_CONSUMPTION,WARNING,2026-03-13 21:45,2026-03-13 21:55,0.2,3,Idle Power (kW),33.74,5.0,Machine or compressor spinning unloaded during non-productive intervals or pneumatic leaks.,Enable automatic standby interlock or perform ultrasonic pneumatic leak audit.,71.61
FURNACE_01,FDR_05,LOW_POWER_FACTOR,WARNING,2026-03-13 21:45,2026-03-13 21:55,0.2,3,Power Factor (cos phi),0.81,0.85,Inductive motor idling or degraded APFC capacitor bank stage.,Inspect local capacitor switching contactors and inspect APFC auto-controller.,1.07
MOTOR_01,FDR_01,EXCESSIVE_IDLE_CONSUMPTION,WARNING,2026-03-13 21:45,2026-03-14 05:55,8.2,51,Idle Power (kW),17.9,5.0,Machine or compressor spinning unloaded during non-productive intervals or pneumatic leaks.,Enable automatic standby interlock or perform ultrasonic pneumatic leak audit.,1255.46
MOTOR_01,FDR_01,LOW_POWER_FACTOR,CRITICAL,2026-03-13 21:45,2026-03-14 05:55,8.2,51,Power Factor (cos phi),0.76,0.85,Inductive motor idling or degraded APFC capacitor bank stage.,Inspect local capacitor switching contactors and inspect APFC auto-controller.,18.83
MOTOR_02,FDR_02,EXCESSIVE_IDLE_CONSUMPTION,WARNING,2026-03-13 21:45,2026-03-14 05:55,8.2,99,Idle Power (kW),13.98,5.0,Machine or compressor spinning unloaded during non-productive intervals or pneumatic leaks.,Enable automatic standby interlock or perform ultrasonic pneumatic leak audit.,980.29
COMP_01,FDR_04,MACHINE_EFFICIENCY_DEGRADATION,WARNING,2026-03-13 11:30,2026-03-13 19:25,8.0,7,Power Deviation vs Baseline (%),13.37,12.0,"Elevated electrical input without production gain, coupled with high vibration/temperature.","Inspect motor mechanical condition, shaft alignment, and bearing lubrication.",341.05
AUX_01,FDR_07,LOW_POWER_FACTOR,CRITICAL,2026-03-13 10:15,2026-03-13 13:55,3.7,12,Power Factor (cos phi),0.78,0.85,Inductive motor idling or degraded APFC capacitor bank stage.,Inspect local capacitor switching contactors and inspect APFC auto-controller.,3.81
COMP_01,FDR_04,LOW_POWER_FACTOR,CRITICAL,2026-03-13 10:15,2026-03-13 13:55,3.7,13,Power Factor (cos phi),0.76,0.85,Inductive motor idling or degraded APFC capacitor bank stage.,Inspect local capacitor switching contactors and inspect APFC auto-controller.,11.52
FURNACE_01,FDR_05,EXCESSIVE_IDLE_CONSUMPTION,WARNING,2026-03-13 10:15,2026-03-13 13:55,3.7,12,Idle Power (kW),34.61,5.0,Machine or compressor spinning unloaded during non-productive intervals or pneumatic leaks.,Enable automatic standby interlock or perform ultrasonic pneumatic leak audit.,1103.17
FURNACE_01,FDR_05,LOW_POWER_FACTOR,WARNING,2026-03-13 10:15,2026-03-13 13:55,3.7,12,Power Factor (cos phi),0.8,0.85,Inductive motor idling or degraded APFC capacitor bank stage.,Inspect local capacitor switching contactors and inspect APFC auto-controller.,16.54
MOTOR_01,FDR_01,EXCESSIVE_IDLE_CONSUMPTION,WARNING,2026-03-13 10:15,2026-03-13 13:55,3.7,12,Idle Power (kW),17.78,5.0,Machine or compressor spinning unloaded during non-productive intervals or pneumatic leaks.,Enable automatic standby interlock or perform ultrasonic pneumatic leak audit.,566.82
MOTOR_01,FDR_01,LOW_POWER_FACTOR,CRITICAL,2026-03-13 10:15,2026-03-13 13:55,3.7,12,Power Factor (cos phi),0.76,0.85,Inductive motor idling or degraded APFC capacitor bank stage.,Inspect local capacitor switching contactors and inspect APFC auto-controller.,8.5
MOTOR_02,FDR_02,EXCESSIVE_IDLE_CONSUMPTION,WARNING,2026-03-13 10:15,2026-03-13 13:55,3.7,12,Idle Power (kW),14.21,5.0,Machine or compressor spinning unloaded during non-productive intervals or pneumatic leaks.,Enable automatic standby interlock or perform ultrasonic pneumatic leak audit.,452.77
AUX_01,FDR_07,LOW_POWER_FACTOR,CRITICAL,2026-03-12 21:45,2026-03-13 05:55,8.2,99,Power Factor (cos phi),0.78,0.85,Inductive motor idling or degraded APFC capacitor bank stage.,Inspect local capacitor switching contactors and inspect APFC auto-controller.,8.41
COMP_01,FDR_04,LOW_POWER_FACTOR,CRITICAL,2026-03-12 21:45,2026-03-12 21:55,0.2,3,Power Factor (cos phi),0.74,0.85,Inductive motor idling or degraded APFC capacitor bank stage.,Inspect local capacitor switching contactors and inspect APFC auto-controller.,0.7
FURNACE_01,FDR_05,EXCESSIVE_IDLE_CONSUMPTION,WARNING,2026-03-12 21:45,2026-03-12 21:55,0.2,3,Idle Power (kW),35.46,5.0,Machine or compressor spinning unloaded during non-productive intervals or pneumatic leaks.,Enable automatic standby interlock or perform ultrasonic pneumatic leak audit.,75.25
FURNACE_01,FDR_05,LOW_POWER_FACTOR,WARNING,2026-03-12 21:45,2026-03-12 21:55,0.2,3,Power Factor (cos phi),0.81,0.85,Inductive motor idling or degraded APFC capacitor bank stage.,Inspect local capacitor switching contactors and inspect APFC auto-controller.,1.13
MOTOR_01,FDR_01,EXCESSIVE_IDLE_CONSUMPTION,WARNING,2026-03-12 21:45,2026-03-13 05:55,8.2,51,Idle Power (kW),17.95,5.0,Machine or compressor spinning unloaded during non-productive intervals or pneumatic leaks.,Enable automatic standby interlock or perform ultrasonic pneumatic leak audit.,1258.79
MOTOR_01,FDR_01,LOW_POWER_FACTOR,CRITICAL,2026-03-12 21:45,2026-03-13 05:55,8.2,51,Power Factor (cos phi),0.76,0.85,Inductive motor idling or degraded APFC capacitor bank stage.,Inspect local capacitor switching contactors and inspect APFC auto-controller.,18.89
MOTOR_02,FDR_02,EXCESSIVE_IDLE_CONSUMPTION,WARNING,2026-03-12 21:45,2026-03-13 05:55,8.2,99,Idle Power (kW),13.89,5.0,Machine or compressor spinning unloaded during non-productive intervals or pneumatic leaks.,Enable automatic standby interlock or perform ultrasonic pneumatic leak audit.,974.12
COMP_01,FDR_04,MACHINE_EFFICIENCY_DEGRADATION,WARNING,2026-03-12 19:25,2026-03-12 19:25,0.1,1,Power Deviation vs Baseline (%),14.2,12.0,"Elevated electrical input without production gain, coupled with high vibration/temperature.","Inspect motor mechanical condition, shaft alignment, and bearing lubrication.",3.77
COMP_01,FDR_04,MACHINE_EFFICIENCY_DEGRADATION,WARNING,2026-03-12 11:15,2026-03-12 13:30,2.3,2,Power Deviation vs Baseline (%),13.4,12.0,"Elevated electrical input without production gain, coupled with high vibration/temperature.","Inspect motor mechanical condition, shaft alignment, and bearing lubrication.",99.95
AUX_01,FDR_07,LOW_POWER_FACTOR,CRITICAL,2026-03-12 10:15,2026-03-12 13:55,3.7,12,Power Factor (cos phi),0.78,0.85,Inductive motor idling or degraded APFC capacitor bank stage.,Inspect local capacitor switching contactors and inspect APFC auto-controller.,3.89
COMP_01,FDR_04,LOW_POWER_FACTOR,CRITICAL,2026-03-12 10:15,2026-03-12 13:55,3.7,12,Power Factor (cos phi),0.75,0.85,Inductive motor idling or degraded APFC capacitor bank stage.,Inspect local capacitor switching contactors and inspect APFC auto-controller.,10.67
FURNACE_01,FDR_05,EXCESSIVE_IDLE_CONSUMPTION,WARNING,2026-03-12 10:15,2026-03-12 13:55,3.7,12,Idle Power (kW),35.21,5.0,Machine or compressor spinning unloaded during non-productive intervals or pneumatic leaks.,Enable automatic standby interlock or perform ultrasonic pneumatic leak audit.,1122.28
FURNACE_01,FDR_05,LOW_POWER_FACTOR,WARNING,2026-03-12 10:15,2026-03-12 13:55,3.7,12,Power Factor (cos phi),0.8,0.85,Inductive motor idling or degraded APFC capacitor bank stage.,Inspect local capacitor switching contactors and inspect APFC auto-controller.,16.84
MOTOR_01,FDR_01,EXCESSIVE_IDLE_CONSUMPTION,WARNING,2026-03-12 10:15,2026-03-12 13:55,3.7,12,Idle Power (kW),18.14,5.0,Machine or compressor spinning unloaded during non-productive intervals or pneumatic leaks.,Enable automatic standby interlock or perform ultrasonic pneumatic leak audit.,578.1
MOTOR_01,FDR_01,LOW_POWER_FACTOR,CRITICAL,2026-03-12 10:15,2026-03-12 13:55,3.7,12,Power Factor (cos phi),0.76,0.85,Inductive motor idling or degraded APFC capacitor bank stage.,Inspect local capacitor switching contactors and inspect APFC auto-controller.,8.66
MOTOR_02,FDR_02,EXCESSIVE_IDLE_CONSUMPTION,WARNING,2026-03-12 10:15,2026-03-12 13:55,3.7,12,Idle Power (kW),13.75,5.0,Machine or compressor spinning unloaded during non-productive intervals or pneumatic leaks.,Enable automatic standby interlock or perform ultrasonic pneumatic leak audit.,438.22
AUX_01,FDR_07,LOW_POWER_FACTOR,CRITICAL,2026-03-11 21:45,2026-03-12 05:55,8.2,99,Power Factor (cos phi),0.78,0.85,Inductive motor idling or degraded APFC capacitor bank stage.,Inspect local capacitor switching contactors and inspect APFC auto-controller.,8.42
COMP_01,FDR_04,LOW_POWER_FACTOR,CRITICAL,2026-03-11 21:45,2026-03-12 06:10,8.5,8,Power Factor (cos phi),0.81,0.85,Inductive motor idling or degraded APFC capacitor bank stage.,Inspect local capacitor switching contactors and inspect APFC auto-controller.,28.1
FURNACE_01,FDR_05,EXCESSIVE_IDLE_CONSUMPTION,WARNING,2026-03-11 21:45,2026-03-11 21:55,0.2,3,Idle Power (kW),34.45,5.0,Machine or compressor spinning unloaded during non-productive intervals or pneumatic leaks.,Enable automatic standby interlock or perform ultrasonic pneumatic leak audit.,73.11
FURNACE_01,FDR_05,LOW_POWER_FACTOR,WARNING,2026-03-11 21:45,2026-03-11 21:55,0.2,3,Power Factor (cos phi),0.8,0.85,Inductive motor idling or degraded APFC capacitor bank stage.,Inspect local capacitor switching contactors and inspect APFC auto-controller.,1.1
MOTOR_01,FDR_01,EXCESSIVE_IDLE_CONSUMPTION,WARNING,2026-03-11 21:45,2026-03-12 05:55,8.2,51,Idle Power (kW),17.93,5.0,Machine or compressor spinning unloaded during non-productive intervals or pneumatic leaks.,Enable automatic standby interlock or perform ultrasonic pneumatic leak audit.,1257.17
MOTOR_01,FDR_01,LOW_POWER_FACTOR,CRITICAL,2026-03-11 21:45,2026-03-12 05:55,8.2,51,Power Factor (cos phi),0.76,0.85,Inductive motor idling or degraded APFC capacitor bank stage.,Inspect local capacitor switching contactors and inspect APFC auto-controller.,18.86
MOTOR_02,FDR_02,EXCESSIVE_IDLE_CONSUMPTION,WARNING,2026-03-11 21:45,2026-03-12 05:55,8.2,99,Idle Power (kW),14.0,5.0,Machine or compressor spinning unloaded during non-productive intervals or pneumatic leaks.,Enable automatic standby interlock or perform ultrasonic pneumatic leak audit.,981.49
COMP_01,FDR_04,MACHINE_EFFICIENCY_DEGRADATION,WARNING,2026-03-11 16:50,2026-03-11 23:50,7.1,3,Power Deviation vs Baseline (%),12.5,12.0,"Elevated electrical input without production gain, coupled with high vibration/temperature.","Inspect motor mechanical condition, shaft alignment, and bearing lubrication.",282.56
AUX_01,FDR_07,LOW_POWER_FACTOR,CRITICAL,2026-03-11 10:15,2026-03-11 13:55,3.7,12,Power Factor (cos phi),0.78,0.85,Inductive motor idling or degraded APFC capacitor bank stage.,Inspect local capacitor switching contactors and inspect APFC auto-controller.,3.85
COMP_01,FDR_04,LOW_POWER_FACTOR,CRITICAL,2026-03-11 10:15,2026-03-11 14:05,3.9,14,Power Factor (cos phi),0.76,0.85,Inductive motor idling or degraded APFC capacitor bank stage.,Inspect local capacitor switching contactors and inspect APFC auto-controller.,9.86
FURNACE_01,FDR_05,EXCESSIVE_IDLE_CONSUMPTION,WARNING,2026-03-11 10:15,2026-03-11 13:55,3.7,12,Idle Power (kW),34.95,5.0,Machine or compressor spinning unloaded during non-productive intervals or pneumatic leaks.,Enable automatic standby interlock or perform ultrasonic pneumatic leak audit.,1113.96
FURNACE_01,FDR_05,LOW_POWER_FACTOR,WARNING,2026-03-11 10:15,2026-03-11 13:55,3.7,12,Power Factor (cos phi),0.79,0.85,Inductive motor idling or degraded APFC capacitor bank stage.,Inspect local capacitor switching contactors and inspect APFC auto-controller.,16.71
MOTOR_01,FDR_01,EXCESSIVE_IDLE_CONSUMPTION,WARNING,2026-03-11 10:15,2026-03-11 13:55,3.7,12,Idle Power (kW),17.84,5.0,Machine or compressor spinning unloaded during non-productive intervals or pneumatic leaks.,Enable automatic standby interlock or perform ultrasonic pneumatic leak audit.,568.62
MOTOR_01,FDR_01,LOW_POWER_FACTOR,CRITICAL,2026-03-11 10:15,2026-03-11 13:55,3.7,12,Power Factor (cos phi),0.76,0.85,Inductive motor idling or degraded APFC capacitor bank stage.,Inspect local capacitor switching contactors and inspect APFC auto-controller.,8.53
MOTOR_02,FDR_02,EXCESSIVE_IDLE_CONSUMPTION,WARNING,2026-03-11 10:15,2026-03-11 13:55,3.7,12,Idle Power (kW),14.12,5.0,Machine or compressor spinning unloaded during non-productive intervals or pneumatic leaks.,Enable automatic standby interlock or perform ultrasonic pneumatic leak audit.,450.17
COMP_01,FDR_04,LOW_POWER_FACTOR,WARNING,2026-03-11 02:15,2026-03-11 06:10,4.0,2,Power Factor (cos phi),0.85,0.85,Inductive motor idling or degraded APFC capacitor bank stage.,Inspect local capacitor switching contactors and inspect APFC auto-controller.,20.38
COMP_01,FDR_04,MACHINE_EFFICIENCY_DEGRADATION,WARNING,2026-03-11 01:35,2026-03-11 01:35,0.1,1,Power Deviation vs Baseline (%),13.1,12.0,"Elevated electrical input without production gain, coupled with high vibration/temperature.","Inspect motor mechanical condition, shaft alignment, and bearing lubrication.",3.47
AUX_01,FDR_07,LOW_POWER_FACTOR,CRITICAL,2026-03-10 21:45,2026-03-11 05:55,8.2,99,Power Factor (cos phi),0.78,0.85,Inductive motor idling or degraded APFC capacitor bank stage.,Inspect local capacitor switching contactors and inspect APFC auto-controller.,8.44
COMP_01,FDR_04,LOW_POWER_FACTOR,CRITICAL,2026-03-10 21:45,2026-03-10 21:55,0.2,3,Power Factor (cos phi),0.76,0.85,Inductive motor idling or degraded APFC capacitor bank stage.,Inspect local capacitor switching contactors and inspect APFC auto-controller.,0.52
FURNACE_01,FDR_05,EXCESSIVE_IDLE_CONSUMPTION,WARNING,2026-03-10 21:45,2026-03-10 21:55,0.2,3,Idle Power (kW),34.41,5.0,Machine or compressor spinning unloaded during non-productive intervals or pneumatic leaks.,Enable automatic standby interlock or perform ultrasonic pneumatic leak audit.,73.02
FURNACE_01,FDR_05,LOW_POWER_FACTOR,WARNING,2026-03-10 21:45,2026-03-10 21:55,0.2,3,Power Factor (cos phi),0.8,0.85,Inductive motor idling or degraded APFC capacitor bank stage.,Inspect local capacitor switching contactors and inspect APFC auto-controller.,1.1
MOTOR_01,FDR_01,EXCESSIVE_IDLE_CONSUMPTION,WARNING,2026-03-10 21:45,2026-03-11 05:55,8.2,51,Idle Power (kW),18.0,5.0,Machine or compressor spinning unloaded during non-productive intervals or pneumatic leaks.,Enable automatic standby interlock or perform ultrasonic pneumatic leak audit.,1262.17
MOTOR_01,FDR_01,LOW_POWER_FACTOR,CRITICAL,2026-03-10 21:45,2026-03-11 05:55,8.2,51,Power Factor (cos phi),0.76,0.85,Inductive motor idling or degraded APFC capacitor bank stage.,Inspect local capacitor switching contactors and inspect APFC auto-controller.,18.93
MOTOR_02,FDR_02,EXCESSIVE_IDLE_CONSUMPTION,WARNING,2026-03-10 21:45,2026-03-11 05:55,8.2,99,Idle Power (kW),14.0,5.0,Machine or compressor spinning unloaded during non-productive intervals or pneumatic leaks.,Enable automatic standby interlock or perform ultrasonic pneumatic leak audit.,981.56
COMP_01,FDR_04,MACHINE_EFFICIENCY_DEGRADATION,WARNING,2026-03-10 19:25,2026-03-10 20:50,1.5,2,Power Deviation vs Baseline (%),12.65,12.0,"Elevated electrical input without production gain, coupled with high vibration/temperature.","Inspect motor mechanical condition, shaft alignment, and bearing lubrication.",60.49
AUX_01,FDR_07,LOW_POWER_FACTOR,CRITICAL,2026-03-10 10:15,2026-03-10 13:55,3.7,12,Power Factor (cos phi),0.78,0.85,Inductive motor idling or degraded APFC capacitor bank stage.,Inspect local capacitor switching contactors and inspect APFC auto-controller.,3.73
COMP_01,FDR_04,LOW_POWER_FACTOR,CRITICAL,2026-03-10 10:15,2026-03-10 17:30,7.3,13,Power Factor (cos phi),0.76,0.85,Inductive motor idling or degraded APFC capacitor bank stage.,Inspect local capacitor switching contactors and inspect APFC auto-controller.,16.91
FURNACE_01,FDR_05,EXCESSIVE_IDLE_CONSUMPTION,WARNING,2026-03-10 10:15,2026-03-10 13:55,3.7,12,Idle Power (kW),35.42,5.0,Machine or compressor spinning unloaded during non-productive intervals or pneumatic leaks.,Enable automatic standby interlock or perform ultrasonic pneumatic leak audit.,1128.81
FURNACE_01,FDR_05,LOW_POWER_FACTOR,WARNING,2026-03-10 10:15,2026-03-10 13:55,3.7,12,Power Factor (cos phi),0.8,0.85,Inductive motor idling or degraded APFC capacitor bank stage.,Inspect local capacitor switching contactors and inspect APFC auto-controller.,16.93
MOTOR_01,FDR_01,EXCESSIVE_IDLE_CONSUMPTION,WARNING,2026-03-10 10:15,2026-03-10 13:55,3.7,12,Idle Power (kW),17.99,5.0,Machine or compressor spinning unloaded during non-productive intervals or pneumatic leaks.,Enable automatic standby interlock or perform ultrasonic pneumatic leak audit.,573.36
MOTOR_01,FDR_01,LOW_POWER_FACTOR,CRITICAL,2026-03-10 10:15,2026-03-10 13:55,3.7,12,Power Factor (cos phi),0.76,0.85,Inductive motor idling or degraded APFC capacitor bank stage.,Inspect local capacitor switching contactors and inspect APFC auto-controller.,8.6
MOTOR_02,FDR_02,EXCESSIVE_IDLE_CONSUMPTION,WARNING,2026-03-10 10:15,2026-03-10 13:55,3.7,12,Idle Power (kW),14.02,5.0,Machine or compressor spinning unloaded during non-productive intervals or pneumatic leaks.,Enable automatic standby interlock or perform ultrasonic pneumatic leak audit.,446.98
COMP_01,FDR_04,MACHINE_EFFICIENCY_DEGRADATION,WARNING,2026-03-10 09:00,2026-03-10 09:00,0.1,1,Power Deviation vs Baseline (%),13.1,12.0,"Elevated electrical input without production gain, coupled with high vibration/temperature.","Inspect motor mechanical condition, shaft alignment, and bearing lubrication.",3.46
COMP_01,FDR_04,LOW_POWER_FACTOR,WARNING,2026-03-10 03:55,2026-03-10 03:55,0.1,1,Power Factor (cos phi),0.84,0.85,Inductive motor idling or degraded APFC capacitor bank stage.,Inspect local capacitor switching contactors and inspect APFC auto-controller.,0.42
COMP_01,FDR_04,MACHINE_EFFICIENCY_DEGRADATION,WARNING,2026-03-10 01:30,2026-03-10 01:30,0.1,1,Power Deviation vs Baseline (%),13.3,12.0,"Elevated electrical input without production gain, coupled with high vibration/temperature.","Inspect motor mechanical condition, shaft alignment, and bearing lubrication.",3.53
AUX_01,FDR_07,LOW_POWER_FACTOR,CRITICAL,2026-03-09 21:45,2026-03-10 05:55,8.2,99,Power Factor (cos phi),0.78,0.85,Inductive motor idling or degraded APFC capacitor bank stage.,Inspect local capacitor switching contactors and inspect APFC auto-controller.,8.41
COMP_01,FDR_04,LOW_POWER_FACTOR,CRITICAL,2026-03-09 21:45,2026-03-09 21:55,0.2,3,Power Factor (cos phi),0.75,0.85,Inductive motor idling or degraded APFC capacitor bank stage.,Inspect local capacitor switching contactors and inspect APFC auto-controller.,0.53
FURNACE_01,FDR_05,EXCESSIVE_IDLE_CONSUMPTION,WARNING,2026-03-09 21:45,2026-03-09 21:55,0.2,3,Idle Power (kW),35.13,5.0,Machine or compressor spinning unloaded during non-productive intervals or pneumatic leaks.,Enable automatic standby interlock or perform ultrasonic pneumatic leak audit.,74.55
FURNACE_01,FDR_05,LOW_POWER_FACTOR,WARNING,2026-03-09 21:45,2026-03-09 21:55,0.2,3,Power Factor (cos phi),0.81,0.85,Inductive motor idling or degraded APFC capacitor bank stage.,Inspect local capacitor switching contactors and inspect APFC auto-controller.,1.12
MOTOR_01,FDR_01,EXCESSIVE_IDLE_CONSUMPTION,WARNING,2026-03-09 21:45,2026-03-10 05:55,8.2,51,Idle Power (kW),18.0,5.0,Machine or compressor spinning unloaded during non-productive intervals or pneumatic leaks.,Enable automatic standby interlock or perform ultrasonic pneumatic leak audit.,1261.98
MOTOR_01,FDR_01,LOW_POWER_FACTOR,CRITICAL,2026-03-09 21:45,2026-03-10 05:55,8.2,51,Power Factor (cos phi),0.76,0.85,Inductive motor idling or degraded APFC capacitor bank stage.,Inspect local capacitor switching contactors and inspect APFC auto-controller.,18.93
MOTOR_02,FDR_02,EXCESSIVE_IDLE_CONSUMPTION,WARNING,2026-03-09 21:45,2026-03-10 05:55,8.2,99,Idle Power (kW),14.01,5.0,Machine or compressor spinning unloaded during non-productive intervals or pneumatic leaks.,Enable automatic standby interlock or perform ultrasonic pneumatic leak audit.,982.73
COMP_01,FDR_04,MACHINE_EFFICIENCY_DEGRADATION,WARNING,2026-03-09 14:50,2026-03-09 20:10,5.4,6,Power Deviation vs Baseline (%),13.23,12.0,"Elevated electrical input without production gain, coupled with high vibration/temperature.","Inspect motor mechanical condition, shaft alignment, and bearing lubrication.",228.51
COMP_01,FDR_04,MACHINE_EFFICIENCY_DEGRADATION,WARNING,2026-03-09 10:45,2026-03-09 10:45,0.1,1,Power Deviation vs Baseline (%),12.9,12.0,"Elevated electrical input without production gain, coupled with high vibration/temperature.","Inspect motor mechanical condition, shaft alignment, and bearing lubrication.",3.43
AUX_01,FDR_07,LOW_POWER_FACTOR,CRITICAL,2026-03-09 10:15,2026-03-09 13:55,3.7,12,Power Factor (cos phi),0.78,0.85,Inductive motor idling or degraded APFC capacitor bank stage.,Inspect local capacitor switching contactors and inspect APFC auto-controller.,3.85
COMP_01,FDR_04,LOW_POWER_FACTOR,CRITICAL,2026-03-09 10:15,2026-03-09 13:55,3.7,13,Power Factor (cos phi),0.76,0.85,Inductive motor idling or degraded APFC capacitor bank stage.,Inspect local capacitor switching contactors and inspect APFC auto-controller.,8.52
FURNACE_01,FDR_05,EXCESSIVE_IDLE_CONSUMPTION,WARNING,2026-03-09 10:15,2026-03-09 13:55,3.7,12,Idle Power (kW),35.02,5.0,Machine or compressor spinning unloaded during non-productive intervals or pneumatic leaks.,Enable automatic standby interlock or perform ultrasonic pneumatic leak audit.,1116.08
FURNACE_01,FDR_05,LOW_POWER_FACTOR,WARNING,2026-03-09 10:15,2026-03-09 13:55,3.7,12,Power Factor (cos phi),0.8,0.85,Inductive motor idling or degraded APFC capacitor bank stage.,Inspect local capacitor switching contactors and inspect APFC auto-controller.,16.74
MOTOR_01,FDR_01,EXCESSIVE_IDLE_CONSUMPTION,WARNING,2026-03-09 10:15,2026-03-09 13:55,3.7,12,Idle Power (kW),18.0,5.0,Machine or compressor spinning unloaded during non-productive intervals or pneumatic leaks.,Enable automatic standby interlock or perform ultrasonic pneumatic leak audit.,573.56
MOTOR_01,FDR_01,LOW_POWER_FACTOR,CRITICAL,2026-03-09 10:15,2026-03-09 13:55,3.7,12,Power Factor (cos phi),0.76,0.85,Inductive motor idling or degraded APFC capacitor bank stage.,Inspect local capacitor switching contactors and inspect APFC auto-controller.,8.61
MOTOR_02,FDR_02,EXCESSIVE_IDLE_CONSUMPTION,WARNING,2026-03-09 10:15,2026-03-09 13:55,3.7,12,Idle Power (kW),14.05,5.0,Machine or compressor spinning unloaded during non-productive intervals or pneumatic leaks.,Enable automatic standby interlock or perform ultrasonic pneumatic leak audit.,447.65
COMP_01,FDR_04,MACHINE_EFFICIENCY_DEGRADATION,WARNING,2026-03-09 06:15,2026-03-09 06:15,0.1,1,Power Deviation vs Baseline (%),14.3,12.0,"Elevated electrical input without production gain, coupled with high vibration/temperature.","Inspect motor mechanical condition, shaft alignment, and bearing lubrication.",3.79
COMP_01,FDR_04,EXCESSIVE_IDLE_CONSUMPTION,WARNING,2026-03-09 00:15,2026-03-15 04:55,148.7,1117,Idle Power (kW),32.44,5.0,Machine or compressor spinning unloaded during non-productive intervals or pneumatic leaks.,Enable automatic standby interlock or perform ultrasonic pneumatic leak audit.,41015.85
MOTOR_01,FDR_01,EXCESSIVE_IDLE_CONSUMPTION,WARNING,2026-03-09 00:05,2026-03-09 05:55,5.9,36,Idle Power (kW),18.02,5.0,Machine or compressor spinning unloaded during non-productive intervals or pneumatic leaks.,Enable automatic standby interlock or perform ultrasonic pneumatic leak audit.,906.31
MOTOR_01,FDR_01,LOW_POWER_FACTOR,CRITICAL,2026-03-09 00:05,2026-03-09 05:55,5.9,36,Power Factor (cos phi),0.76,0.85,Inductive motor idling or degraded APFC capacitor bank stage.,Inspect local capacitor switching contactors and inspect APFC auto-controller.,13.59
LINE_01,FDR_06,LOW_POWER_FACTOR,CRITICAL,2026-03-09 00:00,2026-03-14 23:55,144.0,1545,Power Factor (cos phi),0.79,0.85,Inductive motor idling or degraded APFC capacitor bank stage.,Inspect local capacitor switching contactors and inspect APFC auto-controller.,239.95
MOTOR_01,FDR_01,HIGH_VIBRATION,CRITICAL,2026-03-09 00:00,2026-03-10 23:50,47.9,450,Vibration Velocity RMS (mm/s),4.79,2.8,"Possible mechanical unbalance, loose foundation, or bearing race defect (ISO 10816-3).",Conduct vibration spectrum analysis and inspect base mounting fasteners.,1197.91
MOTOR_01,FDR_01,MACHINE_EFFICIENCY_DEGRADATION,CRITICAL,2026-03-09 00:00,2026-03-10 23:40,47.7,392,Power Deviation vs Baseline (%),16.88,12.0,"Elevated electrical input without production gain, coupled with high vibration/temperature.","Inspect motor mechanical condition, shaft alignment, and bearing lubrication.",4292.96
MOTOR_02,FDR_02,EXCESSIVE_IDLE_CONSUMPTION,WARNING,2026-03-09 00:00,2026-03-09 05:55,6.0,72,Idle Power (kW),14.06,5.0,Machine or compressor spinning unloaded during non-productive intervals or pneumatic leaks.,Enable automatic standby interlock or perform ultrasonic pneumatic leak audit.,717.03
MOTOR_02,FDR_02,LOW_POWER_FACTOR,CRITICAL,2026-03-09 00:00,2026-03-14 23:55,144.0,1168,Power Factor (cos phi),0.78,0.85,Inductive motor idling or degraded APFC capacitor bank stage.,Inspect local capacitor switching contactors and inspect APFC auto-controller.,508.71
COMP_01,FDR_04,MACHINE_EFFICIENCY_DEGRADATION,WARNING,2026-03-07 22:25,2026-03-07 23:20,1.0,2,Power Deviation vs Baseline (%),12.7,12.0,"Elevated electrical input without production gain, coupled with high vibration/temperature.","Inspect motor mechanical condition, shaft alignment, and bearing lubrication.",40.45
AUX_01,FDR_07,LOW_POWER_FACTOR,CRITICAL,2026-03-07 21:45,2026-03-09 05:55,32.2,387,Power Factor (cos phi),0.78,0.85,Inductive motor idling or degraded APFC capacitor bank stage.,Inspect local capacitor switching contactors and inspect APFC auto-controller.,32.91
FURNACE_01,FDR_05,EXCESSIVE_IDLE_CONSUMPTION,WARNING,2026-03-07 21:45,2026-03-07 21:55,0.2,3,Idle Power (kW),35.1,5.0,Machine or compressor spinning unloaded during non-productive intervals or pneumatic leaks.,Enable automatic standby interlock or perform ultrasonic pneumatic leak audit.,74.49
FURNACE_01,FDR_05,LOW_POWER_FACTOR,WARNING,2026-03-07 21:45,2026-03-07 21:55,0.2,3,Power Factor (cos phi),0.79,0.85,Inductive motor idling or degraded APFC capacitor bank stage.,Inspect local capacitor switching contactors and inspect APFC auto-controller.,1.12
MOTOR_01,FDR_01,EXCESSIVE_IDLE_CONSUMPTION,WARNING,2026-03-07 21:45,2026-03-07 23:55,2.2,15,Idle Power (kW),18.16,5.0,Machine or compressor spinning unloaded during non-productive intervals or pneumatic leaks.,Enable automatic standby interlock or perform ultrasonic pneumatic leak audit.,347.27
MOTOR_01,FDR_01,LOW_POWER_FACTOR,CRITICAL,2026-03-07 21:45,2026-03-07 23:55,2.2,15,Power Factor (cos phi),0.76,0.85,Inductive motor idling or degraded APFC capacitor bank stage.,Inspect local capacitor switching contactors and inspect APFC auto-controller.,5.21
MOTOR_02,FDR_02,EXCESSIVE_IDLE_CONSUMPTION,WARNING,2026-03-07 21:45,2026-03-07 23:55,2.2,27,Idle Power (kW),13.76,5.0,Machine or compressor spinning unloaded during non-productive intervals or pneumatic leaks.,Enable automatic standby interlock or perform ultrasonic pneumatic leak audit.,263.2
COMP_01,FDR_04,MACHINE_EFFICIENCY_DEGRADATION,WARNING,2026-03-07 15:20,2026-03-07 16:55,1.7,2,Power Deviation vs Baseline (%),12.95,12.0,"Elevated electrical input without production gain, coupled with high vibration/temperature.","Inspect motor mechanical condition, shaft alignment, and bearing lubrication.",68.84
AUX_01,FDR_07,LOW_POWER_FACTOR,CRITICAL,2026-03-07 10:15,2026-03-07 13:55,3.7,12,Power Factor (cos phi),0.79,0.85,Inductive motor idling or degraded APFC capacitor bank stage.,Inspect local capacitor switching contactors and inspect APFC auto-controller.,3.79
COMP_01,FDR_04,LOW_POWER_FACTOR,CRITICAL,2026-03-07 10:15,2026-03-07 21:55,11.7,17,Power Factor (cos phi),0.76,0.85,Inductive motor idling or degraded APFC capacitor bank stage.,Inspect local capacitor switching contactors and inspect APFC auto-controller.,28.71
FURNACE_01,FDR_05,EXCESSIVE_IDLE_CONSUMPTION,WARNING,2026-03-07 10:15,2026-03-07 13:55,3.7,12,Idle Power (kW),34.51,5.0,Machine or compressor spinning unloaded during non-productive intervals or pneumatic leaks.,Enable automatic standby interlock or perform ultrasonic pneumatic leak audit.,1099.8
FURNACE_01,FDR_05,LOW_POWER_FACTOR,WARNING,2026-03-07 10:15,2026-03-07 13:55,3.7,12,Power Factor (cos phi),0.8,0.85,Inductive motor idling or degraded APFC capacitor bank stage.,Inspect local capacitor switching contactors and inspect APFC auto-controller.,16.5
MOTOR_01,FDR_01,EXCESSIVE_IDLE_CONSUMPTION,WARNING,2026-03-07 10:15,2026-03-07 13:55,3.7,12,Idle Power (kW),18.22,5.0,Machine or compressor spinning unloaded during non-productive intervals or pneumatic leaks.,Enable automatic standby interlock or perform ultrasonic pneumatic leak audit.,580.74
MOTOR_01,FDR_01,LOW_POWER_FACTOR,CRITICAL,2026-03-07 10:15,2026-03-07 13:55,3.7,13,Power Factor (cos phi),0.76,0.85,Inductive motor idling or degraded APFC capacitor bank stage.,Inspect local capacitor switching contactors and inspect APFC auto-controller.,10.67
MOTOR_02,FDR_02,EXCESSIVE_IDLE_CONSUMPTION,WARNING,2026-03-07 10:15,2026-03-07 13:55,3.7,12,Idle Power (kW),13.94,5.0,Machine or compressor spinning unloaded during non-productive intervals or pneumatic leaks.,Enable automatic standby interlock or perform ultrasonic pneumatic leak audit.,444.4
COMP_01,FDR_04,MACHINE_EFFICIENCY_DEGRADATION,WARNING,2026-03-07 04:05,2026-03-07 09:20,5.3,4,Power Deviation vs Baseline (%),12.6,12.0,"Elevated electrical input without production gain, coupled with high vibration/temperature.","Inspect motor mechanical condition, shaft alignment, and bearing lubrication.",214.19
MOTOR_01,FDR_01,HIGH_VIBRATION,CRITICAL,2026-03-07 00:00,2026-03-07 23:50,23.9,225,Vibration Velocity RMS (mm/s),4.8,2.8,"Possible mechanical unbalance, loose foundation, or bearing race defect (ISO 10816-3).",Conduct vibration spectrum analysis and inspect base mounting fasteners.,597.91
MOTOR_01,FDR_01,MACHINE_EFFICIENCY_DEGRADATION,CRITICAL,2026-03-07 00:00,2026-03-07 23:50,23.9,185,Power Deviation vs Baseline (%),17.16,12.0,"Elevated electrical input without production gain, coupled with high vibration/temperature.","Inspect motor mechanical condition, shaft alignment, and bearing lubrication.",2180.39
AUX_01,FDR_07,LOW_POWER_FACTOR,CRITICAL,2026-03-06 21:45,2026-03-07 05:55,8.2,99,Power Factor (cos phi),0.78,0.85,Inductive motor idling or degraded APFC capacitor bank stage.,Inspect local capacitor switching contactors and inspect APFC auto-controller.,8.42
COMP_01,FDR_04,LOW_POWER_FACTOR,CRITICAL,2026-03-06 21:45,2026-03-07 01:00,3.3,5,Power Factor (cos phi),0.79,0.85,Inductive motor idling or degraded APFC capacitor bank stage.,Inspect local capacitor switching contactors and inspect APFC auto-controller.,11.31
FURNACE_01,FDR_05,EXCESSIVE_IDLE_CONSUMPTION,WARNING,2026-03-06 21:45,2026-03-06 21:55,0.2,3,Idle Power (kW),35.22,5.0,Machine or compressor spinning unloaded during non-productive intervals or pneumatic leaks.,Enable automatic standby interlock or perform ultrasonic pneumatic leak audit.,74.74
FURNACE_01,FDR_05,LOW_POWER_FACTOR,WARNING,2026-03-06 21:45,2026-03-06 21:55,0.2,3,Power Factor (cos phi),0.8,0.85,Inductive motor idling or degraded APFC capacitor bank stage.,Inspect local capacitor switching contactors and inspect APFC auto-controller.,1.12
MOTOR_01,FDR_01,EXCESSIVE_IDLE_CONSUMPTION,WARNING,2026-03-06 21:45,2026-03-07 05:55,8.2,51,Idle Power (kW),18.13,5.0,Machine or compressor spinning unloaded during non-productive intervals or pneumatic leaks.,Enable automatic standby interlock or perform ultrasonic pneumatic leak audit.,1271.21
MOTOR_01,FDR_01,LOW_POWER_FACTOR,CRITICAL,2026-03-06 21:45,2026-03-07 05:55,8.2,52,Power Factor (cos phi),0.76,0.85,Inductive motor idling or degraded APFC capacitor bank stage.,Inspect local capacitor switching contactors and inspect APFC auto-controller.,20.04
MOTOR_02,FDR_02,EXCESSIVE_IDLE_CONSUMPTION,WARNING,2026-03-06 21:45,2026-03-07 05:55,8.2,99,Idle Power (kW),13.99,5.0,Machine or compressor spinning unloaded during non-productive intervals or pneumatic leaks.,Enable automatic standby interlock or perform ultrasonic pneumatic leak audit.,980.75
COMP_01,FDR_04,MACHINE_EFFICIENCY_DEGRADATION,WARNING,2026-03-06 17:20,2026-03-06 23:05,5.8,4,Power Deviation vs Baseline (%),13.48,12.0,"Elevated electrical input without production gain, coupled with high vibration/temperature.","Inspect motor mechanical condition, shaft alignment, and bearing lubrication.",251.23
AUX_01,FDR_07,LOW_POWER_FACTOR,CRITICAL,2026-03-06 10:15,2026-03-06 13:55,3.7,12,Power Factor (cos phi),0.78,0.85,Inductive motor idling or degraded APFC capacitor bank stage.,Inspect local capacitor switching contactors and inspect APFC auto-controller.,3.82
FURNACE_01,FDR_05,EXCESSIVE_IDLE_CONSUMPTION,WARNING,2026-03-06 10:15,2026-03-06 13:55,3.7,12,Idle Power (kW),34.6,5.0,Machine or compressor spinning unloaded during non-productive intervals or pneumatic leaks.,Enable automatic standby interlock or perform ultrasonic pneumatic leak audit.,1102.86
FURNACE_01,FDR_05,LOW_POWER_FACTOR,WARNING,2026-03-06 10:15,2026-03-06 13:55,3.7,12,Power Factor (cos phi),0.8,0.85,Inductive motor idling or degraded APFC capacitor bank stage.,Inspect local capacitor switching contactors and inspect APFC auto-controller.,16.54
MOTOR_01,FDR_01,EXCESSIVE_IDLE_CONSUMPTION,WARNING,2026-03-06 10:15,2026-03-06 13:55,3.7,12,Idle Power (kW),17.96,5.0,Machine or compressor spinning unloaded during non-productive intervals or pneumatic leaks.,Enable automatic standby interlock or perform ultrasonic pneumatic leak audit.,572.4
MOTOR_01,FDR_01,LOW_POWER_FACTOR,CRITICAL,2026-03-06 10:15,2026-03-06 13:55,3.7,12,Power Factor (cos phi),0.76,0.85,Inductive motor idling or degraded APFC capacitor bank stage.,Inspect local capacitor switching contactors and inspect APFC auto-controller.,8.59
MOTOR_02,FDR_02,EXCESSIVE_IDLE_CONSUMPTION,WARNING,2026-03-06 10:15,2026-03-06 13:55,3.7,12,Idle Power (kW),14.06,5.0,Machine or compressor spinning unloaded during non-productive intervals or pneumatic leaks.,Enable automatic standby interlock or perform ultrasonic pneumatic leak audit.,448.25
COMP_01,FDR_04,LOW_POWER_FACTOR,CRITICAL,2026-03-06 08:35,2026-03-06 16:05,7.6,16,Power Factor (cos phi),0.78,0.85,Inductive motor idling or degraded APFC capacitor bank stage.,Inspect local capacitor switching contactors and inspect APFC auto-controller.,20.96
COMP_01,FDR_04,MACHINE_EFFICIENCY_DEGRADATION,WARNING,2026-03-06 03:00,2026-03-06 11:25,8.5,4,Power Deviation vs Baseline (%),13.5,12.0,"Elevated electrical input without production gain, coupled with high vibration/temperature.","Inspect motor mechanical condition, shaft alignment, and bearing lubrication.",365.42
COMP_01,FDR_04,MACHINE_EFFICIENCY_DEGRADATION,WARNING,2026-03-05 22:30,2026-03-05 22:50,0.4,2,Power Deviation vs Baseline (%),13.15,12.0,"Elevated electrical input without production gain, coupled with high vibration/temperature.","Inspect motor mechanical condition, shaft alignment, and bearing lubrication.",17.52
AUX_01,FDR_07,LOW_POWER_FACTOR,CRITICAL,2026-03-05 21:45,2026-03-06 05:55,8.2,99,Power Factor (cos phi),0.78,0.85,Inductive motor idling or degraded APFC capacitor bank stage.,Inspect local capacitor switching contactors and inspect APFC auto-controller.,8.38
COMP_01,FDR_04,LOW_POWER_FACTOR,CRITICAL,2026-03-05 21:45,2026-03-06 00:50,3.2,4,Power Factor (cos phi),0.77,0.85,Inductive motor idling or degraded APFC capacitor bank stage.,Inspect local capacitor switching contactors and inspect APFC auto-controller.,9.03
FURNACE_01,FDR_05,EXCESSIVE_IDLE_CONSUMPTION,WARNING,2026-03-05 21:45,2026-03-05 21:55,0.2,3,Idle Power (kW),35.63,5.0,Machine or compressor spinning unloaded during non-productive intervals or pneumatic leaks.,Enable automatic standby interlock or perform ultrasonic pneumatic leak audit.,75.61
FURNACE_01,FDR_05,LOW_POWER_FACTOR,WARNING,2026-03-05 21:45,2026-03-05 21:55,0.2,3,Power Factor (cos phi),0.81,0.85,Inductive motor idling or degraded APFC capacitor bank stage.,Inspect local capacitor switching contactors and inspect APFC auto-controller.,1.13
MOTOR_01,FDR_01,EXCESSIVE_IDLE_CONSUMPTION,WARNING,2026-03-05 21:45,2026-03-06 05:55,8.2,51,Idle Power (kW),18.12,5.0,Machine or compressor spinning unloaded during non-productive intervals or pneumatic leaks.,Enable automatic standby interlock or perform ultrasonic pneumatic leak audit.,1270.88
MOTOR_01,FDR_01,LOW_POWER_FACTOR,CRITICAL,2026-03-05 21:45,2026-03-06 05:55,8.2,51,Power Factor (cos phi),0.76,0.85,Inductive motor idling or degraded APFC capacitor bank stage.,Inspect local capacitor switching contactors and inspect APFC auto-controller.,19.06
MOTOR_02,FDR_02,EXCESSIVE_IDLE_CONSUMPTION,WARNING,2026-03-05 21:45,2026-03-06 05:55,8.2,99,Idle Power (kW),13.97,5.0,Machine or compressor spinning unloaded during non-productive intervals or pneumatic leaks.,Enable automatic standby interlock or perform ultrasonic pneumatic leak audit.,979.62
FURNACE_01,FDR_05,MACHINE_EFFICIENCY_DEGRADATION,WARNING,2026-03-05 20:20,2026-03-05 20:20,0.1,1,Power Deviation vs Baseline (%),12.2,12.0,"Elevated electrical input without production gain, coupled with high vibration/temperature.","Inspect motor mechanical condition, shaft alignment, and bearing lubrication.",10.31
COMP_01,FDR_04,MACHINE_EFFICIENCY_DEGRADATION,WARNING,2026-03-05 17:15,2026-03-05 17:15,0.1,1,Power Deviation vs Baseline (%),13.6,12.0,"Elevated electrical input without production gain, coupled with high vibration/temperature.","Inspect motor mechanical condition, shaft alignment, and bearing lubrication.",3.6
COMP_01,FDR_04,MACHINE_EFFICIENCY_DEGRADATION,WARNING,2026-03-05 10:30,2026-03-05 12:50,2.4,5,Power Deviation vs Baseline (%),12.8,12.0,"Elevated electrical input without production gain, coupled with high vibration/temperature.","Inspect motor mechanical condition, shaft alignment, and bearing lubrication.",98.63
AUX_01,FDR_07,LOW_POWER_FACTOR,CRITICAL,2026-03-05 10:15,2026-03-05 13:55,3.7,12,Power Factor (cos phi),0.78,0.85,Inductive motor idling or degraded APFC capacitor bank stage.,Inspect local capacitor switching contactors and inspect APFC auto-controller.,3.82
FURNACE_01,FDR_05,EXCESSIVE_IDLE_CONSUMPTION,WARNING,2026-03-05 10:15,2026-03-05 13:55,3.7,12,Idle Power (kW),35.38,5.0,Machine or compressor spinning unloaded during non-productive intervals or pneumatic leaks.,Enable automatic standby interlock or perform ultrasonic pneumatic leak audit.,1127.53
FURNACE_01,FDR_05,LOW_POWER_FACTOR,WARNING,2026-03-05 10:15,2026-03-05 13:55,3.7,12,Power Factor (cos phi),0.8,0.85,Inductive motor idling or degraded APFC capacitor bank stage.,Inspect local capacitor switching contactors and inspect APFC auto-controller.,16.91
MOTOR_01,FDR_01,EXCESSIVE_IDLE_CONSUMPTION,WARNING,2026-03-05 10:15,2026-03-05 13:55,3.7,12,Idle Power (kW),17.92,5.0,Machine or compressor spinning unloaded during non-productive intervals or pneumatic leaks.,Enable automatic standby interlock or perform ultrasonic pneumatic leak audit.,571.28
MOTOR_01,FDR_01,LOW_POWER_FACTOR,CRITICAL,2026-03-05 10:15,2026-03-05 13:55,3.7,12,Power Factor (cos phi),0.76,0.85,Inductive motor idling or degraded APFC capacitor bank stage.,Inspect local capacitor switching contactors and inspect APFC auto-controller.,8.57
MOTOR_02,FDR_02,EXCESSIVE_IDLE_CONSUMPTION,WARNING,2026-03-05 10:15,2026-03-05 13:55,3.7,12,Idle Power (kW),14.13,5.0,Machine or compressor spinning unloaded during non-productive intervals or pneumatic leaks.,Enable automatic standby interlock or perform ultrasonic pneumatic leak audit.,450.27
COMP_01,FDR_04,LOW_POWER_FACTOR,CRITICAL,2026-03-05 09:00,2026-03-05 15:50,6.9,15,Power Factor (cos phi),0.77,0.85,Inductive motor idling or degraded APFC capacitor bank stage.,Inspect local capacitor switching contactors and inspect APFC auto-controller.,18.09
AUX_01,FDR_07,LOW_POWER_FACTOR,CRITICAL,2026-03-04 21:45,2026-03-05 05:55,8.2,99,Power Factor (cos phi),0.78,0.85,Inductive motor idling or degraded APFC capacitor bank stage.,Inspect local capacitor switching contactors and inspect APFC auto-controller.,8.39
COMP_01,FDR_04,LOW_POWER_FACTOR,CRITICAL,2026-03-04 21:45,2026-03-05 04:10,6.5,5,Power Factor (cos phi),0.78,0.85,Inductive motor idling or degraded APFC capacitor bank stage.,Inspect local capacitor switching contactors and inspect APFC auto-controller.,20.62
FURNACE_01,FDR_05,EXCESSIVE_IDLE_CONSUMPTION,WARNING,2026-03-04 21:45,2026-03-04 21:55,0.2,3,Idle Power (kW),35.17,5.0,Machine or compressor spinning unloaded during non-productive intervals or pneumatic leaks.,Enable automatic standby interlock or perform ultrasonic pneumatic leak audit.,74.64
FURNACE_01,FDR_05,LOW_POWER_FACTOR,WARNING,2026-03-04 21:45,2026-03-04 21:55,0.2,3,Power Factor (cos phi),0.79,0.85,Inductive motor idling or degraded APFC capacitor bank stage.,Inspect local capacitor switching contactors and inspect APFC auto-controller.,1.12
MOTOR_01,FDR_01,EXCESSIVE_IDLE_CONSUMPTION,WARNING,2026-03-04 21:45,2026-03-05 05:55,8.2,51,Idle Power (kW),18.12,5.0,Machine or compressor spinning unloaded during non-productive intervals or pneumatic leaks.,Enable automatic standby interlock or perform ultrasonic pneumatic leak audit.,1270.63
MOTOR_01,FDR_01,LOW_POWER_FACTOR,CRITICAL,2026-03-04 21:45,2026-03-05 05:55,8.2,51,Power Factor (cos phi),0.76,0.85,Inductive motor idling or degraded APFC capacitor bank stage.,Inspect local capacitor switching contactors and inspect APFC auto-controller.,19.06
MOTOR_02,FDR_02,EXCESSIVE_IDLE_CONSUMPTION,WARNING,2026-03-04 21:45,2026-03-05 05:55,8.2,99,Idle Power (kW),13.94,5.0,Machine or compressor spinning unloaded during non-productive intervals or pneumatic leaks.,Enable automatic standby interlock or perform ultrasonic pneumatic leak audit.,977.56
COMP_01,FDR_04,MACHINE_EFFICIENCY_DEGRADATION,WARNING,2026-03-04 13:40,2026-03-04 22:40,9.1,7,Power Deviation vs Baseline (%),13.3,12.0,"Elevated electrical input without production gain, coupled with high vibration/temperature.","Inspect motor mechanical condition, shaft alignment, and bearing lubrication.",385.38
AUX_01,FDR_07,LOW_POWER_FACTOR,CRITICAL,2026-03-04 10:15,2026-03-04 13:55,3.7,12,Power Factor (cos phi),0.78,0.85,Inductive motor idling or degraded APFC capacitor bank stage.,Inspect local capacitor switching contactors and inspect APFC auto-controller.,3.83
COMP_01,FDR_04,LOW_POWER_FACTOR,CRITICAL,2026-03-04 10:15,2026-03-04 13:55,3.7,12,Power Factor (cos phi),0.75,0.85,Inductive motor idling or degraded APFC capacitor bank stage.,Inspect local capacitor switching contactors and inspect APFC auto-controller.,8.01
FURNACE_01,FDR_05,EXCESSIVE_IDLE_CONSUMPTION,WARNING,2026-03-04 10:15,2026-03-04 13:55,3.7,12,Idle Power (kW),34.87,5.0,Machine or compressor spinning unloaded during non-productive intervals or pneumatic leaks.,Enable automatic standby interlock or perform ultrasonic pneumatic leak audit.,1111.23
FURNACE_01,FDR_05,LOW_POWER_FACTOR,CRITICAL,2026-03-04 10:15,2026-03-04 13:55,3.7,12,Power Factor (cos phi),0.8,0.85,Inductive motor idling or degraded APFC capacitor bank stage.,Inspect local capacitor switching contactors and inspect APFC auto-controller.,16.67
MOTOR_01,FDR_01,EXCESSIVE_IDLE_CONSUMPTION,WARNING,2026-03-04 10:15,2026-03-04 13:55,3.7,12,Idle Power (kW),18.03,5.0,Machine or compressor spinning unloaded during non-productive intervals or pneumatic leaks.,Enable automatic standby interlock or perform ultrasonic pneumatic leak audit.,574.52
MOTOR_01,FDR_01,LOW_POWER_FACTOR,CRITICAL,2026-03-04 10:15,2026-03-04 13:55,3.7,12,Power Factor (cos phi),0.76,0.85,Inductive motor idling or degraded APFC capacitor bank stage.,Inspect local capacitor switching contactors and inspect APFC auto-controller.,8.62
MOTOR_02,FDR_02,EXCESSIVE_IDLE_CONSUMPTION,WARNING,2026-03-04 10:15,2026-03-04 13:55,3.7,12,Idle Power (kW),14.01,5.0,Machine or compressor spinning unloaded during non-productive intervals or pneumatic leaks.,Enable automatic standby interlock or perform ultrasonic pneumatic leak audit.,446.67
COMP_01,FDR_04,MACHINE_EFFICIENCY_DEGRADATION,WARNING,2026-03-04 02:40,2026-03-04 02:55,0.3,2,Power Deviation vs Baseline (%),13.1,12.0,"Elevated electrical input without production gain, coupled with high vibration/temperature.","Inspect motor mechanical condition, shaft alignment, and bearing lubrication.",13.9
COMP_01,FDR_04,MACHINE_EFFICIENCY_DEGRADATION,WARNING,2026-03-03 22:20,2026-03-03 22:20,0.1,1,Power Deviation vs Baseline (%),13.1,12.0,"Elevated electrical input without production gain, coupled with high vibration/temperature.","Inspect motor mechanical condition, shaft alignment, and bearing lubrication.",3.47
AUX_01,FDR_07,LOW_POWER_FACTOR,CRITICAL,2026-03-03 21:45,2026-03-04 05:55,8.2,99,Power Factor (cos phi),0.78,0.85,Inductive motor idling or degraded APFC capacitor bank stage.,Inspect local capacitor switching contactors and inspect APFC auto-controller.,8.46
COMP_01,FDR_04,LOW_POWER_FACTOR,CRITICAL,2026-03-03 21:45,2026-03-03 23:10,1.5,4,Power Factor (cos phi),0.77,0.85,Inductive motor idling or degraded APFC capacitor bank stage.,Inspect local capacitor switching contactors and inspect APFC auto-controller.,4.14
FURNACE_01,FDR_05,EXCESSIVE_IDLE_CONSUMPTION,WARNING,2026-03-03 21:45,2026-03-03 21:55,0.2,3,Idle Power (kW),34.5,5.0,Machine or compressor spinning unloaded during non-productive intervals or pneumatic leaks.,Enable automatic standby interlock or perform ultrasonic pneumatic leak audit.,73.22
FURNACE_01,FDR_05,LOW_POWER_FACTOR,WARNING,2026-03-03 21:45,2026-03-03 21:55,0.2,3,Power Factor (cos phi),0.8,0.85,Inductive motor idling or degraded APFC capacitor bank stage.,Inspect local capacitor switching contactors and inspect APFC auto-controller.,1.1
MOTOR_01,FDR_01,EXCESSIVE_IDLE_CONSUMPTION,WARNING,2026-03-03 21:45,2026-03-04 05:55,8.2,51,Idle Power (kW),17.97,5.0,Machine or compressor spinning unloaded during non-productive intervals or pneumatic leaks.,Enable automatic standby interlock or perform ultrasonic pneumatic leak audit.,1259.8
MOTOR_01,FDR_01,LOW_POWER_FACTOR,CRITICAL,2026-03-03 21:45,2026-03-04 05:55,8.2,51,Power Factor (cos phi),0.76,0.85,Inductive motor idling or degraded APFC capacitor bank stage.,Inspect local capacitor switching contactors and inspect APFC auto-controller.,18.9
MOTOR_02,FDR_02,EXCESSIVE_IDLE_CONSUMPTION,WARNING,2026-03-03 21:45,2026-03-04 05:55,8.2,99,Idle Power (kW),13.98,5.0,Machine or compressor spinning unloaded during non-productive intervals or pneumatic leaks.,Enable automatic standby interlock or perform ultrasonic pneumatic leak audit.,980.16
AUX_01,FDR_07,LOW_POWER_FACTOR,CRITICAL,2026-03-03 10:15,2026-03-03 13:55,3.7,12,Power Factor (cos phi),0.78,0.85,Inductive motor idling or degraded APFC capacitor bank stage.,Inspect local capacitor switching contactors and inspect APFC auto-controller.,3.8
COMP_01,FDR_04,LOW_POWER_FACTOR,CRITICAL,2026-03-03 10:15,2026-03-03 17:40,7.5,13,Power Factor (cos phi),0.76,0.85,Inductive motor idling or degraded APFC capacitor bank stage.,Inspect local capacitor switching contactors and inspect APFC auto-controller.,17.14
FURNACE_01,FDR_05,EXCESSIVE_IDLE_CONSUMPTION,WARNING,2026-03-03 10:15,2026-03-03 13:55,3.7,12,Idle Power (kW),35.76,5.0,Machine or compressor spinning unloaded during non-productive intervals or pneumatic leaks.,Enable automatic standby interlock or perform ultrasonic pneumatic leak audit.,1139.85
FURNACE_01,FDR_05,LOW_POWER_FACTOR,WARNING,2026-03-03 10:15,2026-03-03 13:55,3.7,12,Power Factor (cos phi),0.8,0.85,Inductive motor idling or degraded APFC capacitor bank stage.,Inspect local capacitor switching contactors and inspect APFC auto-controller.,17.1
MOTOR_01,FDR_01,EXCESSIVE_IDLE_CONSUMPTION,WARNING,2026-03-03 10:15,2026-03-03 13:55,3.7,12,Idle Power (kW),17.84,5.0,Machine or compressor spinning unloaded during non-productive intervals or pneumatic leaks.,Enable automatic standby interlock or perform ultrasonic pneumatic leak audit.,568.44
MOTOR_01,FDR_01,LOW_POWER_FACTOR,CRITICAL,2026-03-03 10:15,2026-03-03 13:55,3.7,12,Power Factor (cos phi),0.76,0.85,Inductive motor idling or degraded APFC capacitor bank stage.,Inspect local capacitor switching contactors and inspect APFC auto-controller.,8.53
MOTOR_02,FDR_02,EXCESSIVE_IDLE_CONSUMPTION,WARNING,2026-03-03 10:15,2026-03-03 13:55,3.7,12,Idle Power (kW),13.79,5.0,Machine or compressor spinning unloaded during non-productive intervals or pneumatic leaks.,Enable automatic standby interlock or perform ultrasonic pneumatic leak audit.,439.47
COMP_01,FDR_04,MACHINE_EFFICIENCY_DEGRADATION,WARNING,2026-03-03 09:05,2026-03-03 11:30,2.5,2,Power Deviation vs Baseline (%),12.95,12.0,"Elevated electrical input without production gain, coupled with high vibration/temperature.","Inspect motor mechanical condition, shaft alignment, and bearing lubrication.",103.37
COMP_01,FDR_04,MACHINE_EFFICIENCY_DEGRADATION,WARNING,2026-03-02 23:40,2026-03-03 01:30,1.9,2,Power Deviation vs Baseline (%),13.65,12.0,"Elevated electrical input without production gain, coupled with high vibration/temperature.","Inspect motor mechanical condition, shaft alignment, and bearing lubrication.",83.24
AUX_01,FDR_07,LOW_POWER_FACTOR,CRITICAL,2026-03-02 21:45,2026-03-03 05:55,8.2,99,Power Factor (cos phi),0.78,0.85,Inductive motor idling or degraded APFC capacitor bank stage.,Inspect local capacitor switching contactors and inspect APFC auto-controller.,8.41
COMP_01,FDR_04,LOW_POWER_FACTOR,CRITICAL,2026-03-02 21:45,2026-03-03 01:40,4.0,6,Power Factor (cos phi),0.79,0.85,Inductive motor idling or degraded APFC capacitor bank stage.,Inspect local capacitor switching contactors and inspect APFC auto-controller.,13.75
FURNACE_01,FDR_05,EXCESSIVE_IDLE_CONSUMPTION,WARNING,2026-03-02 21:45,2026-03-02 21:55,0.2,3,Idle Power (kW),35.2,5.0,Machine or compressor spinning unloaded during non-productive intervals or pneumatic leaks.,Enable automatic standby interlock or perform ultrasonic pneumatic leak audit.,74.71
FURNACE_01,FDR_05,LOW_POWER_FACTOR,WARNING,2026-03-02 21:45,2026-03-02 21:55,0.2,3,Power Factor (cos phi),0.8,0.85,Inductive motor idling or degraded APFC capacitor bank stage.,Inspect local capacitor switching contactors and inspect APFC auto-controller.,1.12
MOTOR_01,FDR_01,EXCESSIVE_IDLE_CONSUMPTION,WARNING,2026-03-02 21:45,2026-03-03 05:55,8.2,51,Idle Power (kW),17.93,5.0,Machine or compressor spinning unloaded during non-productive intervals or pneumatic leaks.,Enable automatic standby interlock or perform ultrasonic pneumatic leak audit.,1257.54
MOTOR_01,FDR_01,LOW_POWER_FACTOR,CRITICAL,2026-03-02 21:45,2026-03-03 05:55,8.2,51,Power Factor (cos phi),0.76,0.85,Inductive motor idling or degraded APFC capacitor bank stage.,Inspect local capacitor switching contactors and inspect APFC auto-controller.,18.87
MOTOR_02,FDR_02,EXCESSIVE_IDLE_CONSUMPTION,WARNING,2026-03-02 21:45,2026-03-03 05:55,8.2,99,Idle Power (kW),14.06,5.0,Machine or compressor spinning unloaded during non-productive intervals or pneumatic leaks.,Enable automatic standby interlock or perform ultrasonic pneumatic leak audit.,985.91
COMP_01,FDR_04,MACHINE_EFFICIENCY_DEGRADATION,WARNING,2026-03-02 15:35,2026-03-02 17:00,1.5,3,Power Deviation vs Baseline (%),13.7,12.0,"Elevated electrical input without production gain, coupled with high vibration/temperature.","Inspect motor mechanical condition, shaft alignment, and bearing lubrication.",65.4
AUX_01,FDR_07,LOW_POWER_FACTOR,CRITICAL,2026-03-02 10:15,2026-03-02 13:55,3.7,12,Power Factor (cos phi),0.78,0.85,Inductive motor idling or degraded APFC capacitor bank stage.,Inspect local capacitor switching contactors and inspect APFC auto-controller.,3.8
FURNACE_01,FDR_05,EXCESSIVE_IDLE_CONSUMPTION,WARNING,2026-03-02 10:15,2026-03-02 13:55,3.7,12,Idle Power (kW),35.16,5.0,Machine or compressor spinning unloaded during non-productive intervals or pneumatic leaks.,Enable automatic standby interlock or perform ultrasonic pneumatic leak audit.,1120.64
FURNACE_01,FDR_05,LOW_POWER_FACTOR,WARNING,2026-03-02 10:15,2026-03-02 13:55,3.7,12,Power Factor (cos phi),0.8,0.85,Inductive motor idling or degraded APFC capacitor bank stage.,Inspect local capacitor switching contactors and inspect APFC auto-controller.,16.8
MOTOR_01,FDR_01,EXCESSIVE_IDLE_CONSUMPTION,WARNING,2026-03-02 10:15,2026-03-02 13:55,3.7,12,Idle Power (kW),17.98,5.0,Machine or compressor spinning unloaded during non-productive intervals or pneumatic leaks.,Enable automatic standby interlock or perform ultrasonic pneumatic leak audit.,573.05
MOTOR_01,FDR_01,LOW_POWER_FACTOR,CRITICAL,2026-03-02 10:15,2026-03-02 13:55,3.7,12,Power Factor (cos phi),0.76,0.85,Inductive motor idling or degraded APFC capacitor bank stage.,Inspect local capacitor switching contactors and inspect APFC auto-controller.,8.6
MOTOR_02,FDR_02,EXCESSIVE_IDLE_CONSUMPTION,WARNING,2026-03-02 10:15,2026-03-02 13:55,3.7,12,Idle Power (kW),14.06,5.0,Machine or compressor spinning unloaded during non-productive intervals or pneumatic leaks.,Enable automatic standby interlock or perform ultrasonic pneumatic leak audit.,448.09
COMP_01,FDR_04,LOW_POWER_FACTOR,CRITICAL,2026-03-02 08:30,2026-03-02 13:55,5.5,14,Power Factor (cos phi),0.76,0.85,Inductive motor idling or degraded APFC capacitor bank stage.,Inspect local capacitor switching contactors and inspect APFC auto-controller.,13.73
COMP_01,FDR_04,MACHINE_EFFICIENCY_DEGRADATION,WARNING,2026-03-02 03:55,2026-03-02 06:10,2.3,2,Power Deviation vs Baseline (%),13.75,12.0,"Elevated electrical input without production gain, coupled with high vibration/temperature.","Inspect motor mechanical condition, shaft alignment, and bearing lubrication.",102.52
COMP_01,FDR_04,EXCESSIVE_IDLE_CONSUMPTION,WARNING,2026-03-02 00:25,2026-03-07 23:35,143.2,941,Idle Power (kW),35.52,5.0,Machine or compressor spinning unloaded during non-productive intervals or pneumatic leaks.,Enable automatic standby interlock or perform ultrasonic pneumatic leak audit.,43254.0
MOTOR_01,FDR_01,EXCESSIVE_IDLE_CONSUMPTION,WARNING,2026-03-02 00:05,2026-03-02 05:55,5.9,36,Idle Power (kW),17.87,5.0,Machine or compressor spinning unloaded during non-productive intervals or pneumatic leaks.,Enable automatic standby interlock or perform ultrasonic pneumatic leak audit.,898.5
MOTOR_01,FDR_01,LOW_POWER_FACTOR,CRITICAL,2026-03-02 00:05,2026-03-02 05:55,5.9,36,Power Factor (cos phi),0.76,0.85,Inductive motor idling or degraded APFC capacitor bank stage.,Inspect local capacitor switching contactors and inspect APFC auto-controller.,13.48
LINE_01,FDR_06,LOW_POWER_FACTOR,CRITICAL,2026-03-02 00:00,2026-03-07 23:55,144.0,1542,Power Factor (cos phi),0.79,0.85,Inductive motor idling or degraded APFC capacitor bank stage.,Inspect local capacitor switching contactors and inspect APFC auto-controller.,239.44
MOTOR_02,FDR_02,EXCESSIVE_IDLE_CONSUMPTION,WARNING,2026-03-02 00:00,2026-03-02 05:55,6.0,72,Idle Power (kW),14.01,5.0,Machine or compressor spinning unloaded during non-productive intervals or pneumatic leaks.,Enable automatic standby interlock or perform ultrasonic pneumatic leak audit.,714.71
MOTOR_02,FDR_02,LOW_POWER_FACTOR,CRITICAL,2026-03-02 00:00,2026-03-07 23:55,144.0,1187,Power Factor (cos phi),0.78,0.85,Inductive motor idling or degraded APFC capacitor bank stage.,Inspect local capacitor switching contactors and inspect APFC auto-controller.,514.72
AUX_01,FDR_07,EXCESSIVE_IDLE_CONSUMPTION,WARNING,2026-03-01 00:05,2026-03-30 23:55,719.9,4391,Idle Power (kW),14.92,5.0,Machine or compressor spinning unloaded during non-productive intervals or pneumatic leaks.,Enable automatic standby interlock or perform ultrasonic pneumatic leak audit.,91326.26
AUX_01,FDR_07,LOW_POWER_FACTOR,CRITICAL,2026-03-01 00:00,2026-03-02 05:55,30.0,360,Power Factor (cos phi),0.78,0.85,Inductive motor idling or degraded APFC capacitor bank stage.,Inspect local capacitor switching contactors and inspect APFC auto-controller.,30.57
PUMP_01,FDR_03,EXCESSIVE_IDLE_CONSUMPTION,WARNING,2026-03-01 00:00,2026-03-30 23:40,719.7,5377,Idle Power (kW),20.62,5.0,Machine or compressor spinning unloaded during non-productive intervals or pneumatic leaks.,Enable automatic standby interlock or perform ultrasonic pneumatic leak audit.,126124.4
PUMP_01,FDR_03,LOW_POWER_FACTOR,CRITICAL,2026-03-01 00:00,2026-03-30 23:50,719.9,2813,Power Factor (cos phi),0.78,0.85,Inductive motor idling or degraded APFC capacitor bank stage.,Inspect local capacitor switching contactors and inspect APFC auto-controller.,1527.01
